relative_path,size_bytes,sha256
.gitattributes,82,0a1ca0c612d4519eed6fefe3d9ba76f8c6b41d09e403e1b3ecd9a84beaa4b0ef
.gitignore,131,434a801a33783a19b57d6f5751a02a5f28501c3546c35149cb8b4f1115e1d76c
CITATION.cff,1410,127ca20ba8e4687112d89d06e4b5f9e5728373821ff29de9f26a333158a34a0e
CITATION.md,1593,e6d0e40d7e9be961ed44e6d80ae488ef4b3066fb14945bc69b842819aa358ca9
Data/DATA_DICTIONARY.csv,7499,200ac841b689a866abcd965c26e46491ce01fe25d4be0fa98db235e6f7c282bb
Data/README.md,896,b2c7e53089664fd522b8896db332acab5bfc4b2d585a87aab787f50201531979
Data/SOURCES.md,2656,ac6e568c108fd8a284f572071053b49a9d47b68f3675c173200051fbc345be26
Data/curated/DataS1_viscosity_seed0_full.csv,3443,73d35881aa3dccd15c9a69ce43e4dfdf4eda6c7d23b123e0953cf97bdfd09327
Data/curated/DataS2_clearance_seed0_full.csv,2468,fe708823e89413f042618b9911f117f606df4907b15855849f5fde3f1c6fef00
Data/curated/DataS3_clinical_internal_112_seed0_full_wname.csv,6655,e18d3d64eb60b4507fa94db9f9be269e8cd1be07f392c6a604a80b6e43100f54
Data/curated/DataS4_clinical_external_14_full_wname.csv,810,94cfbc6bf25263bb6345320e6147bdb0288345b49810bc7d4b5d3144eb7031b5
Data/curated/DataS5_bailly2020_hicrt_no_leakage_all_features.csv,28221,790fe3154b2c5a221263e005ae315d3c7e787d457f724ad7323b52490c6a8a11
Data/curated/README.md,2635,df8c4be53c0736c17533d14a290b377cac54ec0378c34188b84488aea1709560
Data/fixed_splits/mouse_exposure/DataS2_clearance_seed0_test.csv,555,cf94bf3e7958810eadbd35a9eeba69544be4779ebf4e9823799df53dc6436c79
Data/fixed_splits/mouse_exposure/DataS2_clearance_seed0_train.csv,1989,dbbd793527b57dafaad14e4f583805a72acdd282d2d5c4e30e8d1994fbb3d1f6
Data/fixed_splits/viscosity/DataS1_viscosity_seed0_test.csv,1144,070de14215eca4283f10a982f3aebf6a6714d7cdba9fd6153dc16e8f409dcafa
Data/fixed_splits/viscosity/DataS1_viscosity_seed0_train.csv,2444,3b8a1abf549aa1d1cad8f0f834836e01adcc59aca9defc2d2833dd83888caa4a
Data/robustness_splits/mouse_exposure/DataS2_clearance_antibodies.csv,1756,e842917489a1e830e987362835e02eec48059f16843c7b2d2025806a473ffdf3
Data/robustness_splits/viscosity/DataS1_viscosity_antibodies.csv,2460,0b5e4a55cc31c1a526fdb1c8661db2be7c475893c4417fdfe69306995bc79563
Demo/README.md,2678,ec023eb1f1acb5e6cf9f4118a877390be0655b756a5e2c91cbb2989213fdd552
Demo/clearance_quickstart/EXPECTED_CONSOLE_OUTPUT.txt,213,387fee9a1fe4e63960ed65310e972ccb8820f92615520d412649eb0e875a626e
Demo/clearance_quickstart/README.md,531,6de4125a6b06bd947159184f04ade9ee88672c325a7b28e6cd3b923843ce5e01
Demo/clearance_quickstart/expected_output/clearance_demo_metrics.json,340,754418e0db5f4d3ac2d8e843bc794ca39ad03add9b670fd114d86405ed544e12
Demo/clearance_quickstart/expected_output/clearance_demo_parity_and_cdf.jpg,387673,9d046a8391d790f314a46d7c43d21ca3c689c4bd5497dd8d05dd4bf291ef6bfa
Demo/clearance_quickstart/expected_output/clearance_demo_parity_and_cdf.png,192940,284612203cf74aad79fd02b62ddb8db21018920a95569ba4c1900557d4bccfce
Demo/clearance_quickstart/expected_output/clearance_demo_parity_and_cdf.svg,5282,d05a4e68b0ba7d4ac870aeefa0590aff24454adcf42d6576c383c4b9d36084d9
Demo/clearance_quickstart/rasterize_demo.py,3257,54bea10f9f1401c2b976b4210acb1192729e79a2939c5b2d94092104b25f2940
Demo/clearance_quickstart/run_demo.py,13026,b96081916d006c876c601697c12d0edf6a66ea2f71dbed5b968a3afbfdb898d2
FigureSources/Publication_EPS/Figure_1.eps,371394,daa075a362085a9721f69f540d808c2acb482e688601d3445f179f4b7e1ee185
FigureSources/Publication_EPS/Figure_2a.eps,826613,eaffe01d9c0cc7c47d36d5ed0c223ae39747dccc08427e72db58ed7de26b18d0
FigureSources/Publication_EPS/Figure_2b.eps,345392,1548664adb23a85587eb14fe27517d4ceb8acdeff83446f53099052ea3ce5b7b
FigureSources/Publication_EPS/Figure_2c.eps,27053,76d72952b1343f82cb9fa5684d60070650a1ea4aa9e33979f1244b07322cbc72
FigureSources/Publication_EPS/Figure_2d.eps,68894,318aeb82a907f0aa09c6d57df6ee186d73a9ac3ab306610522cc717b5204e941
FigureSources/Publication_EPS/Figure_2e.eps,60604,fcc0fb989a301e9010812c8efd9f60e18b981d73a9fded8d32cb7e9e050de5a5
FigureSources/Publication_EPS/Figure_3a.eps,181878,a92c4368b163ea731112f8906ceaf18e539244dd696efb766c09084025186239
FigureSources/Publication_EPS/Figure_3b.eps,24216,ee3b24eca9eaaa3f9f4e7ca81c719e11a44cc30df3e93fb9c2e7d0c3800db7e4
FigureSources/Publication_EPS/Figure_3c.eps,26644,22adb1b3541d3324772001926fbb9db5d2f8d0b2d8157fa5af63e26fbba7b1f7
FigureSources/Publication_EPS/Figure_3d.eps,185586,ded89739f973420933e65199dde27bdb869eed1fb543d8ee7caeb23ce417cf69
FigureSources/Publication_EPS/Figure_4a.eps,137923,6f5cddac6509bbf7f4684b8a23b5e7e728b7623c4840d1ad9f3b49740b8f38c6
FigureSources/Publication_EPS/Figure_4b.eps,21131,9f5009d87737694c5808cfcc49b398ddf68014f64e9c4513f03c761726a08c41
FigureSources/Publication_EPS/Figure_4c.eps,3693420,64d2cfae1d7da012aadefb238c8de896aa1a789a75cd2898ef3edf24c1f45e91
FigureSources/Publication_EPS/Figure_4d.eps,18522,8f6bbc878d0ce2a656a4c8397b52738f0a492537fecc73f47250f2952fde44c0
FigureSources/Publication_EPS/README.md,579,66af72f27b15381e49148aa07c84298ad122d3fbdf5d55ef06aebe274d5b26f0
FigureSources/README.md,770,08307243b41868db986ce41530059cb9d57296e9f1f6352974ee2f5fa6a51dee
FigureSources/main/Figure_1/ACeT_Figure1_Caption.txt,893,b5d7e7504ce3347ea7dfe93897942e1cf3bbc87d856bc154dbda6c92f9b376ff
FigureSources/main/Figure_1/ACeT_Figure1_Reviewed.eps,371394,daa075a362085a9721f69f540d808c2acb482e688601d3445f179f4b7e1ee185
FigureSources/main/Figure_1/ACeT_Figure1_Reviewed.pdf,105183,de94220cfb448a6caaffde376fb56b9adc053acccdc0e7761c3785b3ef4d3273
FigureSources/main/Figure_1/ACeT_Figure1_Reviewed.pptx,427029,a51f8899c263ac3e1e2dab94bbf614a7eaa16d3bc0cc4d33dd9c54a6c40be463
FigureSources/main/Figure_1/ACeT_Figure1_Reviewed.svg,383055,ab5d8dffcd38d6936c58edbdcb8da4a722cf649d39fc508caabdb23cc79a7ba3
FigureSources/main/Figure_1/README.md,626,fa26966defdd83fb2732f244d38f3b863b6682135c382c8233529c269c2e77ec
FigureSources/main/Figure_2/README.md,791,a847479666f961809b9c7d19a5514d092769b101f77bffdead50c800c8899883
FigureSources/main/Figure_2/panel_b/code/Figure2b_section_replacement_current.m,1346,9bf9f4173d45337f13674ccb529c9e76dd038693f9aff44abed9306b1f8884ae
FigureSources/main/Figure_2/panel_b/code/rebuild_figure2b_current.py,18629,bda78b3bb57fd95109b9e1d893d5bdd8e0602ccb07b179b038e186128e7c929f
FigureSources/main/Figure_2/panel_b/data/figure2b_current_bootstrap_samples.csv,117512,c9dd2fa929137dda06dc8a16ccbf0c71db8f9f50904b17c5f7a7c7d75d7f1724
FigureSources/main/Figure_2/panel_b/data/figure2b_current_fixed_ranges.mat,14175,0436431b2f4ee963cb7a93d5cf19aed4bbf164ea9453c5da5fe0fddb879af419
FigureSources/main/Figure_2/panel_b/data/figure2b_current_source_predictions.csv,359,e0b083738b305d81762c9b6ae6a3f6840e76e12ca0beefb20e37048f00a58c47
FigureSources/main/Figure_2/panel_b/data/figure2b_current_summary.csv,604,fcf315d48b90b113e628337cd1a4a38ae826387a2adf8c83fad4d378273e4a89
FigureSources/main/Figure_2/panel_c/code/Figure2c_corrected_model_comparison.m,3417,bb4cb5e8e7466ffd5f29304d4f48a7316d95d52003553ee9d0168935da4338c2
FigureSources/main/Figure_2/panel_c/code/Figure2c_panel.m,3013,d77aa77bc99f91297cfabe17d01ceb8c816113aa36886da9c0e563f371a7d044
FigureSources/main/Figure_2/panel_c/code/prepare_figure2c_corrected_mat.py,8121,a9b7381a0a3819162515e83d3916a7250215161ccc00199dc089d81c0f82b43d
FigureSources/main/Figure_2/panel_c/data/figure2c_corrected_baselines.mat,3632,9892dd7fa8783fa789ca339841813804f964051c2a1b913ad40c153220eb0a28
FigureSources/main/Figure_2/panel_c/data/figure2c_corrected_fold_metrics.csv,958,bd975acccd02f2dea938d7a0fa0132700d40777f65fd34d30cade5c882f083bb
FigureSources/main/Figure_2/panel_c/data/figure2c_corrected_summary.csv,565,a4ea8b55a0968813696b54275d0207ae42de954135d7565ce770a7f8108f22ee
FigureSources/main/Figure_2/panel_c/data/figure2c_expected_corrected_summary.csv,377,f30e0355fd25e8896b276a82561305b6cfce08de7fb8ab323343c76e52a6cfb9
FigureSources/main/Figure_2/panel_c/documentation/Figure2c_caption_and_results_values.md,1356,bf0c2429b5cd2554b45f689205798b55bf6d17c274a9830f88100defce63dbda
FigureSources/main/Figure_2/panel_c/documentation/README_Figure2c.md,780,6075965611ded69d1ff05db8c41a6f60aa3e4a0850886e84ff8a65c55838c41f
FigureSources/main/Figure_2/panel_c/rendered/Figure_2c_corrected.eps,27064,9ffe28a7d63af1bc3212b1cb459318a86d9c3b7df85a1e26a5dc50293ebe90df
FigureSources/main/Figure_2/panel_c/rendered/Figure_2c_corrected.png,619142,33b5101d5aac207817ff07e224c45962d12d59e863abfe4b797b2b86dfc90b3e
FigureSources/main/Figure_2/panel_c/rendered/Figure_2c_corrected.svg,72203,7c82aedca191d0f52fa232a89f37fedb9123e455afa77d9f588944330d9b61fb
FigureSources/main/Figure_2/panel_d/rendered/Fig2D_FeatureImportance_current.eps,21991,0c1c9ea09400a6434bd3ada4b2b775ddaf8c55a182f6962ce586909ca042df8e
FigureSources/main/Figure_2/panel_d/rendered/Fig2D_FeatureImportance_current.fig,36346,e54746b8c3d187f68b40605b64afc0a83441d465695eb0d2a626a9991d136f22
FigureSources/main/Figure_2/panel_d/rendered/Fig2D_FeatureImportance_current.png,331697,7623db7c9750fbc9fae896bd203f0e349d1f2511d63b86f6d98cc3428ecfe170
FigureSources/main/Figure_2/panel_d/rendered/Fig2D_FeatureImportance_current.svg,102852,ff0fbe9885940dd56333ebce4de2e428f48641873431aacd666286c28e0b3a23
FigureSources/main/Figure_2/panel_e/rendered/Fig2E_LearningAblation_current.eps,23580,69bc7a870b09877587eb252a1d9e4a57d1593b2486459a3a39af80df9bd2fd8d
FigureSources/main/Figure_2/panel_e/rendered/Fig2E_LearningAblation_current.fig,51995,f772583653e1cb8099c86e49b799c4a85a0960c73861ef7b430511915182ca90
FigureSources/main/Figure_2/panel_e/rendered/Fig2E_LearningAblation_current.png,306995,2678603610043d653f7faa0335d23ef58568ff6610dfeab9c254f26221e2635b
FigureSources/main/Figure_2/panel_e/rendered/Fig2E_LearningAblation_current.svg,63617,99b8b898a2bc88a639271a248cf25420edefcfd12764835856f6b623058f6b15
FigureSources/main/Figure_2/panels_d_e/code/plot_figure2de_current.m,11174,28649ee466abdf720db31056dae571b03c8897280cb9b376f03f3f20976d0501
FigureSources/main/Figure_3/README.md,813,36461f4d871fb0f8b1f2a8e99565d5a181c5e9ea434499b096334a43605954d7
FigureSources/main/Figure_3/panel_a/code/Figure3a_section_replacement_current.m,1030,a6da265bc30bb83f844c00a34b7358b1cbd55e21ee893210cd5e2cf6e7725ca2
FigureSources/main/Figure_3/panel_a/data/figure3a_current_parity_cdf.mat,1451,e9de8dbb16944bfa106fc19a0776c6ad88230775bb020b3cd9b6750dc8fa7263
FigureSources/main/Figure_3/panel_a/data/figure3a_current_source_predictions.csv,648,afb766d5f3a929176c219bb667ec53173fbb094987cd1891803e7dcbb1b03731
FigureSources/main/Figure_3/panel_a/data/figure3a_current_summary.csv,201,e39bc7f9fb4fb60e563125175a1a8a45160187051510f0ce7e93d2e978973ec7
FigureSources/main/Figure_3/panel_c/code/Figure3c_section_replacement_current.m,2043,1baf48b1e6b0c20895fb0b62f2113b3070dd9f6839c86910891a36990f8db4c2
FigureSources/main/Figure_3/panel_c/data/figure3c_current_baselines.mat,3812,302a8c4a84853e201b602418ad44f910f4bafd7b3fa97e022f2d99fd29f59402
FigureSources/main/Figure_3/panel_c/data/figure3c_current_fold_metrics.csv,3369,95538a9a827de925268e6ade5b36edcdedc52b17f4429f136daaadb1605b27ab
FigureSources/main/Figure_3/panel_c/data/figure3c_current_summary.csv,1455,79adee05db1328ed25de1c748b0dd89baa9d9a6b286f3514c025f5dc0bb7b6a7
FigureSources/main/Figure_3/panels_b_d/code/plot_mouse_exposure_panels.m,21568,eb3e690b79451203dcac52bfb3485a2fa7bf58d8f7de6075516600af8d70c7bf
FigureSources/main/Figure_4/README.md,997,23d4de68c8293b85a6f44b7b356403bb7c10d65eb9ec63127d73a93fba6169ad
FigureSources/main/Figure_4/code/Figure4_current_authoritative.m,11210,a6f6ba87dad69cf38272c76ed4dc5ce5b7293a76b6002c5b4ee3cc4e8aa8b31e
FigureSources/main/Figure_4/data/Figure4_FINAL_source.mat,1385,636373f054aa1a03cac673f7b7a6051311634b2b695cab6481c0c5ade6801768
FigureSources/main/Figure_4/data/Figure4_FINAL_source_values.csv,660,9b79670b682f647cf2ab0f3a953b88bd4f160fbf4644827e1056768355d5c3d1
FigureSources/main/Figure_4/rendered/Figure4_FINAL_current.eps,1304220,78f7d55c5bbbca3fdc6188018c7634e0952ed078b04f8758b4f3a1a9b2d2cf21
FigureSources/main/Figure_4/rendered/Figure4_FINAL_current.pdf,38877,962c87e5a205289063412e7be8e89c27b5da9c207e85a26fc334d62ff15f4520
FigureSources/main/Figure_4/rendered/Figure4_FINAL_current.png,978432,ccce2b7c22b36d90a5c5fa7382cb33d0970ac611b9941205319e28bde68bb288
FigureSources/main/Figure_4/rendered/Figure4_FINAL_current.svg,446205,27589561345f7fa26ae22a2b17a91902e57a5c4dff9aa4ac6b953efd62d2171f
FigureSources/main/Figure_4/rendered/Figure4_FINAL_current_RGB.tif,1817300,46cb72fcd33498ff5d43f5aa11c24bb14c980f5ef321a19cc1d91ee83467ddf5
FigureSources/supplementary/Figure_S01/Figure_S1_Viscosity_Robustness_CDF.eps,38553,c8c0d364025761bb8bb598e3c7b45848a42f139f065024fe502dcb46a5959b1d
FigureSources/supplementary/Figure_S01/Figure_S1_Viscosity_Robustness_CDF.fig,44027,2599dba58e9794b115511393a84d4b55dd4cd1ef9d2499247abae6391aac6314
FigureSources/supplementary/Figure_S01/Figure_S1_Viscosity_Robustness_CDF.pdf,16382,2689936e796633f6b9e630bdcb3e7c157cbd1424f62731fd96bab726635bffb1
FigureSources/supplementary/Figure_S01/Figure_S1_Viscosity_Robustness_CDF.png,409462,702306047ee95966af5572eed5e9e5e83fa3e3e3772ce688b65d7b43b7c552e7
FigureSources/supplementary/Figure_S01/Figure_S1_Viscosity_Robustness_CDF.svg,225381,c57ad44b92ea6356ec83548262e8d55e00500ce43d4737e8b65d9f97ad8ac252
FigureSources/supplementary/Figure_S01/Figure_S1_Viscosity_Robustness_CDF_RGB.tif,1272851,f07a76de96e6bf8ba47f2588d66e6719136002223552a00265264b11ca411da4
FigureSources/supplementary/Figure_S02/Figure_S2_Viscosity_Robustness_Parity.eps,95479,48e4d22028726e56070f6da469c6bbc1a7a2a2f8122f556cbefc27ff2d72202e
FigureSources/supplementary/Figure_S02/Figure_S2_Viscosity_Robustness_Parity.fig,47342,d5f083e88282d3d9bdd4e502d96500ab6bfbbf0f71ac11d4b66dbd10ef31f245
FigureSources/supplementary/Figure_S02/Figure_S2_Viscosity_Robustness_Parity.pdf,54923,53b4b6b35af3a51e9d58ee82c1a1c6bbadff5029b447eb1d0e39ee4beeb0036b
FigureSources/supplementary/Figure_S02/Figure_S2_Viscosity_Robustness_Parity.png,566765,63ca6b63ba378e902ee7101bddd10c055dd876dd5c73b722d6e362f418036f70
FigureSources/supplementary/Figure_S02/Figure_S2_Viscosity_Robustness_Parity.svg,346410,567d00794d6381db36dbc1b1670033ca2b5a92560dd6fb3bdb0e2d8619a085ee
FigureSources/supplementary/Figure_S02/Figure_S2_Viscosity_Robustness_Parity_RGB.tif,13970943,579f6423797166ac3260a46033b5e8bafc8c81660e703f087a49456b1a860b3b
FigureSources/supplementary/Figure_S03/Figure_S3_Clearance_Robustness_CDF_Jackknife.eps,34320,3655d7257e99e0ba23cbb9784b25cafc0cfb1720c4c423eb6705266edbf22316
FigureSources/supplementary/Figure_S03/Figure_S3_Clearance_Robustness_CDF_Jackknife.fig,41774,2b92e4768b172891cfda280fd51c55632100de2c847578dd5b6d97136658bce3
FigureSources/supplementary/Figure_S03/Figure_S3_Clearance_Robustness_CDF_Jackknife.pdf,14488,77e4c2e9d5db5c3bd5bb4d86c27fe8071d6c7e850dcb10914fa2d4684c4e6813
FigureSources/supplementary/Figure_S03/Figure_S3_Clearance_Robustness_CDF_Jackknife.png,391237,f822948ee4f0414b66d1e75e92cc65bf303c5df5ba4587bb27c234171f16707e
FigureSources/supplementary/Figure_S03/Figure_S3_Clearance_Robustness_CDF_Jackknife.svg,228634,e75a524d4a57a51e3e8d278767bfd4ed88c430f7bb3783cb9b9d34a7ec6a8218
FigureSources/supplementary/Figure_S03/Figure_S3_Clearance_Robustness_CDF_Jackknife_RGB.tif,1252311,202e97b116ee6748733c9329413763afbc7d4cf4565567c1ecff2497d8712352
FigureSources/supplementary/Figure_S04/Figure_S4_Clearance_Robustness_Parity.eps,65015,8fae1302bab877ec05663ddf55147cd83843e1a7c8dd1068be593e06d9eff7e4
FigureSources/supplementary/Figure_S04/Figure_S4_Clearance_Robustness_Parity.fig,43200,312526f4085119bcd6dd770b4f13bd402fc8cdd202725f532d7b9d15b91ca5f9
FigureSources/supplementary/Figure_S04/Figure_S4_Clearance_Robustness_Parity.pdf,31259,61dfbc9c20870e1ccf30035b9c5844bad4b3e9ff1cf1bad4e9b215d6aaf5fc23
FigureSources/supplementary/Figure_S04/Figure_S4_Clearance_Robustness_Parity.png,340589,ca29e74bd857e70ff6b6bcff08e0089fd748284c4abfa069edca92b798f5d71e
FigureSources/supplementary/Figure_S04/Figure_S4_Clearance_Robustness_Parity.svg,244667,1a3eb8c1a5399a85e52a77c8a68415a8f46b2175aeb0b81c5a257f337ed1b767
FigureSources/supplementary/Figure_S04/Figure_S4_Clearance_Robustness_Parity_RGB.tif,13370509,71d1d4987328174c618d1b52a95acbf87c5b35c46cf5e5bd4b60ee4afbd96317
FigureSources/supplementary/Figure_S05/Figure_S5_Clinical_External_Robustness.eps,164312,c16b75a3ab05642e2b3ab9373c37ee921f296f902d58cb09e94920e9d0d0c77c
FigureSources/supplementary/Figure_S05/Figure_S5_Clinical_External_Robustness.fig,1138411,d073408bee4c38f52b2eedf0fe3f52ff5a2280eae87cb04d474aedc7bfb453c8
FigureSources/supplementary/Figure_S05/Figure_S5_Clinical_External_Robustness.pdf,248657,89025d426541545adf7bc00b0d1d59318e401326ed1f5d1aa9bfa35b594444d2
FigureSources/supplementary/Figure_S05/Figure_S5_Clinical_External_Robustness.png,324819,c6288fa9b851331e7e8ed1b32437b90e3b835a86fb387d76c2097f86356ec588
FigureSources/supplementary/Figure_S05/Figure_S5_Clinical_External_Robustness.svg,67788,fa5ada0aa71d040211b9471e69d1309852b1356ef1b25c2923f85ff1806083c6
FigureSources/supplementary/Figure_S05/Figure_S5_Clinical_External_Robustness_RGB.tif,1234125,da49bbb3a3a7f0862f14c0fdc8c07352b905b7b23556296524d9bd43de656e91
FigureSources/supplementary/Figure_S06/Figure_S6_HIC_AssaysOnly_OOF_Parity.eps,32395,d3fb32c805fe66eae0fe85a01743774d27a58b80cf1a29d8764a2a4367ccfdb3
FigureSources/supplementary/Figure_S06/Figure_S6_HIC_AssaysOnly_OOF_Parity.fig,31700,0dc6fe3e72d56f417ba968c68da16214dc73682d2441bc16207ea9620ad31491
FigureSources/supplementary/Figure_S06/Figure_S6_HIC_AssaysOnly_OOF_Parity.pdf,22413,350773e013e39c2df84bcbebe39a337ace62344107f89521374f3c79814c3bd9
FigureSources/supplementary/Figure_S06/Figure_S6_HIC_AssaysOnly_OOF_Parity.png,306961,d778d802e35d74c94ac69dc1c182da085922b874b5904bdb3539b1fe38f6bdf4
FigureSources/supplementary/Figure_S06/Figure_S6_HIC_AssaysOnly_OOF_Parity.svg,123345,1fb10efbe2422d5f7d32afc0bf7068d5c78c29091244448ea20f447c70205213
FigureSources/supplementary/Figure_S06/Figure_S6_HIC_AssaysOnly_OOF_Parity_RGB.tif,1094967,d83b358293a7a1b622d73717b229fff39eab26dc4c2ef63edda0b8e1b6a18917
FigureSources/supplementary/Figure_S07/Figure_S7_HIC_PatchOnly_Comparison.eps,54425,8ef158f054ee6896aec060916ee6de76896c217366e85e650d7786dea51bd35f
FigureSources/supplementary/Figure_S07/Figure_S7_HIC_PatchOnly_Comparison.fig,59811,7c0321ff1898300f6bf63a9fd049692eddfd8348b5315bee6fd72d915cfa3565
FigureSources/supplementary/Figure_S07/Figure_S7_HIC_PatchOnly_Comparison.pdf,41453,fd8523fdc64814de7d95be7577044d55652dfd48361952a753e6fa9c0b462726
FigureSources/supplementary/Figure_S07/Figure_S7_HIC_PatchOnly_Comparison.png,410429,18456ffb2f6282d5344f36d183fc71156a19b8b2df0ca5775227302150c82735
FigureSources/supplementary/Figure_S07/Figure_S7_HIC_PatchOnly_Comparison.svg,265390,12dd7a6a6ddc19455fe5a491f6dc1c3101d23d4745ed04381cf8238b11c1d409
FigureSources/supplementary/Figure_S07/Figure_S7_HIC_PatchOnly_Comparison_RGB.tif,1874597,ed7392f8beeaf9c12c906efd770d7adee586680992a11468ffcc9eb9aaf58e57
FigureSources/supplementary/Figure_S08/Figure_S8_HIC_Triage_ConfusionMatrices.eps,2145999,ed57b9e74844c8617055f3e28bd9e659cd2c5c50e87d7b16baf6a2de4627e02d
FigureSources/supplementary/Figure_S08/Figure_S8_HIC_Triage_ConfusionMatrices.fig,65836,62cbda00ea8b4d8a1174ab061eb2168f933ff85491a33f155d2d91ac49c7b269
FigureSources/supplementary/Figure_S08/Figure_S8_HIC_Triage_ConfusionMatrices.pdf,44537,46a3ec69cb07fea415d2581c35107b991fc60f50bcdad06f6cdd850ef1599272
FigureSources/supplementary/Figure_S08/Figure_S8_HIC_Triage_ConfusionMatrices.png,352286,6ca4cd57ffccad9352b09a1b0652af57462d8a4caf989846db05f523b4a7826a
FigureSources/supplementary/Figure_S08/Figure_S8_HIC_Triage_ConfusionMatrices.svg,68775,61f6e844f1d671c1255e52f2947a188ce59f40c4b80565d92e51fc504825dcf0
FigureSources/supplementary/Figure_S08/Figure_S8_HIC_Triage_ConfusionMatrices_RGB.tif,17103321,e5dfee076f710b6939faeb25c3bf2ed0494bb2a0f31c54b0428dbc8075def449
FigureSources/supplementary/Figure_S09/Figure_S9_SEC_PeakShape_Viscosity.eps,34386,e23496b3f8bcd124828e1eb1e22d9bedce5839a361682cf789eb1deffa30b66f
FigureSources/supplementary/Figure_S09/Figure_S9_SEC_PeakShape_Viscosity.fig,30936,34f688bfc82d0e33b4d905bbe0aeae31f6b317f94bd5ddecfcf4dab061d14359
FigureSources/supplementary/Figure_S09/Figure_S9_SEC_PeakShape_Viscosity.pdf,20429,b3dfb65dc8851176bc194060b91ce62216c2a873e46da762f97aeae8b819c3c2
FigureSources/supplementary/Figure_S09/Figure_S9_SEC_PeakShape_Viscosity.png,213404,245a5c4de67d0f316669126414e1922a125cd5bbcb8d970d3ac503e0fabb4f88
FigureSources/supplementary/Figure_S09/Figure_S9_SEC_PeakShape_Viscosity.svg,54429,f641797cd23018872788bc8de43c1f2c06997ca9c2face73c05980844ffe5b58
FigureSources/supplementary/Figure_S09/Figure_S9_SEC_PeakShape_Viscosity_RGB.tif,1296037,3c053f8552a728fb7f2056d8a96482771de840e31abfecf86fbe142f72b9ee65
FigureSources/supplementary/Figure_S10/Figure_S10_GaussianCopula_Diagnostics.eps,648701,3fb547ad379e75a8b8e02a6a2da0f01632d4b2817e2b3dc123dc2540db35661f
FigureSources/supplementary/Figure_S10/Figure_S10_GaussianCopula_Diagnostics.fig,132751,f27c0733c6ad81f5876b97154e7cb095898b3bd480dc68b7f1b668b9f105e36e
FigureSources/supplementary/Figure_S10/Figure_S10_GaussianCopula_Diagnostics.pdf,87465,5aac2eff67ea2034aad925dc08a760c74e0688edba381d17c3a4e50b602c09f7
FigureSources/supplementary/Figure_S10/Figure_S10_GaussianCopula_Diagnostics.png,835317,596c6675d5d46f84d7561b8f0435db1b400ca2cd37eab23db8c40a6e2c0b588a
FigureSources/supplementary/Figure_S10/Figure_S10_GaussianCopula_Diagnostics.svg,157767,4c974e100ab34bac16be4c64fa08a63ad697ccaea468bce25a7b4dda9adc930f
FigureSources/supplementary/Figure_S10/Figure_S10_GaussianCopula_Diagnostics_RGB.tif,7732429,62c5532fe9222caeaf3e22061d9a8e4ef04893fe4dc5951052906ac27da281dc
FigureSources/supplementary/Figure_S11/Figure_S11_Training_Validation_Loss.eps,94132,28cd988a68491a601749e3b0f34931f7fd00e871f2dc9c3e4fa2d9c2c94c2931
FigureSources/supplementary/Figure_S11/Figure_S11_Training_Validation_Loss.fig,71504,f18f2cbb8b1efe7d7b48ddb40215c50334f98695289997d76e23ec8bb11fc03c
FigureSources/supplementary/Figure_S11/Figure_S11_Training_Validation_Loss.pdf,40366,ac4090e441ae96f6b2e7b49427a6bc0bc5990982066340122659d79ddebaac5e
FigureSources/supplementary/Figure_S11/Figure_S11_Training_Validation_Loss.png,263005,1139421121ee6c13130c9366e52ff03b5e01253fea9698d7bb29bf97d335df68
FigureSources/supplementary/Figure_S11/Figure_S11_Training_Validation_Loss.svg,114681,254307e8083d38a5e4bac564f16d81307e535c901e5dabc798923446030ce482
FigureSources/supplementary/Figure_S11/Figure_S11_Training_Validation_Loss_RGB.tif,1255821,64c0d591d380cbab1d47ed35d68f577bb6bab4546067d81be1626ef4fea7793e
FigureSources/supplementary/SUPPLEMENTARY_FIGURE_CAPTIONS.md,5637,c6ec7149807b205c221003b7b052664eb88efbf51e3af40844f5d7a82e72507f
FigureSources/supplementary/code/apply_supplement_style.m,514,f0858a1c04adeaad49c95bf0d27343930b3da74d41dfe79b334c7495e6029791
FigureSources/supplementary/code/export_supplement_figure.m,1409,3370737363d5935cea9018665381c26a9a5ef1aea3f63b2bbb72dcdee6849ad9
FigureSources/supplementary/code/generate_all_supplementary_figures.m,48277,395281e71a1693af860a0beb556dc768896ef2d769ef0135ab993ff3e6a487aa
FigureSources/supplementary/code/supplement_style.m,923,7e9fdb55c8c47f54199a45ffa234205da3230ede6b6864649bd885ec17955a9a
FigureSources/supplementary/source_data/clinical_s5/clinical_external_jackknife.png,81207,6e4a98e0f24064c1e6f87cb9dac8a036d131d34ca74f26571485c435ce367266
FigureSources/supplementary/source_data/clinical_s5/clinical_external_logloss_cdf.png,81246,607efec77f6ac391612f56c42e637f965928343cac21e86384ed0e3d8b3475a0
FigureSources/supplementary/source_data/clinical_s5/clinical_external_performance.png,99571,3598b826a313075427feee77ff05bcad6afdeec0f92b438f9e94ff1c60e40cd7
GenBench/README.md,558,f60abd640326911449f414a83edeff265b44bfb1ee2d538245900ab01d26fc6f
GenBench/diagnostics/README.md,960,50e32e209eb5473e522d733a7318604dc6c03740fd47f96588d4141d9de61a8a
GenBench/diagnostics/clinical_uncertainty/clinical_uncertainty_table.csv,1105,75cac5750ca7a9dc68bc146eb5847c96f471641abef4cd62b7b419b12daa8288
GenBench/diagnostics/clinical_uncertainty/clinical_uncertainty_table.md,1028,487146c5babbbae8cd991f3590fb7541a77822c0261e0ea5bfd28271a3461f1f
GenBench/diagnostics/gaussian_copula/code/source/gaussian_copula_diagnostics.py,22810,f932e9091d47740fdbd842cd1c18a069c6a2691a7713e500e38118803f1e4c85
GenBench/diagnostics/gaussian_copula/results/clearance_correlation_difference.csv,531,effe21f6f64ec44b548e4ccefaf9f2723987fa22dc9380fbe38728039ef5d740
GenBench/diagnostics/gaussian_copula/results/clearance_correlation_difference.png,252439,ab47524eae2510823f8daa7fe161586112b57d3e95adc8c6202b7f89f960280c
GenBench/diagnostics/gaussian_copula/results/clearance_correlation_real.csv,531,ed48c43f1678acb622ac7b0ebd67b84ff7b28220a2e4725a847bd5adc1cbe468
GenBench/diagnostics/gaussian_copula/results/clearance_correlation_real.png,243909,83ae5fe4ca34b268d19e88b0833f8c64fcb091e59c5d2ec44e815cba647e919c
GenBench/diagnostics/gaussian_copula/results/clearance_correlation_synthetic.csv,535,b0e82254afc034241ea0657460093627ab25d58704834cff709988cb19389b9f
GenBench/diagnostics/gaussian_copula/results/clearance_correlation_synthetic.png,241063,6a81e7d045f4dfaacd705734432ef93685b4e0f47d3b34706673b9fac8cd5a1a
GenBench/diagnostics/gaussian_copula/results/clearance_marginal_distributions.png,317449,2d0e921b5275d19e29ebabde8af61de1b6f04c0ea2388f3335dc786dac81115f
GenBench/diagnostics/gaussian_copula/results/clearance_marginal_statistics.csv,1298,cd805c3a387a9253503d762ed8f9cccf8b58b8f7fb60a4342816e1fda636064c
GenBench/diagnostics/gaussian_copula/results/clearance_nearest_neighbor_distances.png,111523,0530b3890e89b18e708c199dd35149ba525c7cd30399ea2db0ae6c5e54eea17d
GenBench/diagnostics/gaussian_copula/results/clearance_nearest_neighbor_statistics.csv,337,47e343fd80b24e54870293cbda5a94582474f703f7539393f8656ccd179f8f3d
GenBench/diagnostics/gaussian_copula/results/clearance_real_vs_synthetic_pca.pdf,30769,af7ee69503ac02a975c4db564b53076bd80cad5bae0d44bed07d52dd1132b8f5
GenBench/diagnostics/gaussian_copula/results/clearance_real_vs_synthetic_pca.png,232018,127818164cdbf0c01656380bf6daf8e8bcb91d209f0598c3b576385c00f19ad2
GenBench/diagnostics/gaussian_copula/results/clearance_real_vs_synthetic_samples.csv,14345,6f60956e7305092ed77f45a0ea3e3fa8b7e83440472cbe66f2fedc78b743dee0
GenBench/diagnostics/gaussian_copula/results/synthetic_diagnostics_summary.csv,852,26d01b5105171b780d44cafc1d3fb8b5299c689f2f35ddbd5768be1a4c1bd998
GenBench/diagnostics/gaussian_copula/results/synthetic_diagnostics_summary.md,4030,f6f45967c6f54a0e0f223b6d8af36005868f07952815c5de4767e502953b5f29
GenBench/diagnostics/gaussian_copula/results/viscosity_correlation_difference.csv,687,20cb3b554d53dd62b661397981bc31116ea0764170a24c96a95e174b7cf68b94
GenBench/diagnostics/gaussian_copula/results/viscosity_correlation_difference.png,367305,cefc85615671909476a353250e1ed087e46ceb9951b7263615d8a9e7b00e64fd
GenBench/diagnostics/gaussian_copula/results/viscosity_correlation_real.csv,679,491ed7c0705d463d42ea85c2df2dd1384439224c2f1e5a7fa73e922908a46ba8
GenBench/diagnostics/gaussian_copula/results/viscosity_correlation_real.png,351993,826357b236f3714f0e02886e1528cec572f284b25f0b102079207c46199cf67a
GenBench/diagnostics/gaussian_copula/results/viscosity_correlation_synthetic.csv,687,7299fb84ad0a2ad9b92bab2c8d6602c65738067dc534eed3a7e52769f562265a
GenBench/diagnostics/gaussian_copula/results/viscosity_correlation_synthetic.png,355805,af86f21d8ee29cb971d8c7e516debd73167e5f49cf9219f84b722be065f40944
GenBench/diagnostics/gaussian_copula/results/viscosity_marginal_distributions.png,363641,26848b9b7fca2fcac33209bd75d78c9a6a733f065b997e4b10dacb257d9d6ae7
GenBench/diagnostics/gaussian_copula/results/viscosity_marginal_statistics.csv,1300,8a2aff7ac75c2ebfd84373345814312e4bf8d7242b979a5c4fbf80b8d795ce61
GenBench/diagnostics/gaussian_copula/results/viscosity_nearest_neighbor_distances.png,108357,f96e978e3b6bd262b6cd3c923025248e6f0abd37b50e9f9e6dc8be2f31316782
GenBench/diagnostics/gaussian_copula/results/viscosity_nearest_neighbor_statistics.csv,338,a70992fb76d919bf896090d9d12252dbc2b59ad7436b7c9cd3700273b7bfdbdb
GenBench/diagnostics/gaussian_copula/results/viscosity_real_vs_synthetic_pca.pdf,27320,ff8b46bd67983a37991878fadb4ca2bee536bc20cfb57d30b3451da134d9c7cd
GenBench/diagnostics/gaussian_copula/results/viscosity_real_vs_synthetic_pca.png,191950,43b1925635edfa988490be5f84d05f2d1f23307bb639dba59236cfb1e9eedbbe
GenBench/diagnostics/gaussian_copula/results/viscosity_real_vs_synthetic_samples.csv,6273,a1bcf02ec08709404991818d19b0e0583caafb30c0837183f8bbc80919993f93
GenBench/diagnostics/pooling_sensitivity/results/clearance_full_fold_indices.csv,15256,cd1eac854864f3a5c991c85df7e9d129c8a09778fe3c146267b834ea6110ef3e
GenBench/diagnostics/pooling_sensitivity/results/clearance_full_metrics.csv,3376,627d88db7ffc40fa919fb18513c19b041259b8c6b2e07adee5b75133d39ff915
GenBench/diagnostics/pooling_sensitivity/results/clearance_full_predictions.csv,41511,ab31d726b90f66dacda20c191997e931a051e6c78849a289e1d83775179c8f58
GenBench/diagnostics/pooling_sensitivity/results/clearance_full_summary.md,4408,d74f01a02d23cb80271e2cfac8953192a62cd2ee66d096643954738efea7711a
GenBench/diagnostics/pooling_sensitivity/results/clearance_full_training_history.csv,221307,21ac0e764e5ff623b9508155615b569cb54566aba7dd3c1854a23a95228298f0
GenBench/diagnostics/pooling_sensitivity/results/viscosity_full_fold_indices.csv,11456,157460b83f4ada8ad7f631295b289b15461e99fade1a29bf512807ef888f804f
GenBench/diagnostics/pooling_sensitivity/results/viscosity_full_metrics.csv,3334,553b6e57595ec2bcf5d20954aa562255d1be2bd4310e4927bf90c34ac7f52624
GenBench/diagnostics/pooling_sensitivity/results/viscosity_full_predictions.csv,33229,4fb1203e7be9ce3914765b54c6ff885310b5a595cdcda463d3ce9178a47fb0aa
GenBench/diagnostics/pooling_sensitivity/results/viscosity_full_summary.md,4301,71e4b24fd4000f18003c63d512f23396bff501dd4fb82cae049193a54a705054
GenBench/diagnostics/pooling_sensitivity/results/viscosity_full_training_history.csv,152324,13f8a0f02e2a822758b39ef91b71b932ed012064d031097467bf9030c51cc717
GenBench/diagnostics/prediction_head_comparison/prediction_head_variability_metrics.csv,1474,abacc4d11a5ad8a0892ab044cd239bc57359f1f54a8459d18e33e4e15581337b
GenBench/diagnostics/training_curves/mouse_exposure_loss_curves.csv,78218,116fed6097d00abc3b7757289299deb19dafd0a6ab703cd82fa7a79def66f85d
GenBench/diagnostics/training_curves/viscosity_loss_curves.csv,42688,21714221d25ca80c70c125f25c75aaf1f29b7d717a16f50a8930ec982f6c0266
GenBench/hic_benchmark/README.md,1285,e786e003c4b9cc1599bc49a97e2ba14eb58ae12ef587d3d9f0a7f16b4ed7490c
GenBench/hic_benchmark/code/source/shared/README_reproduce.md,620,36bab975e8826ad4de096a87bdeafcf223cc42b78db3fa817c968c755e1bb9cc
GenBench/hic_benchmark/code/source/shared/bailly_hic_code_README.md,471,89805cc812932e7de2d669ecaea218a828befb25e2946a885f678be933c8be98
GenBench/hic_benchmark/code/source/shared/bailly_hic_model.py,7446,9bd1867b237da8152f8099b403b2f80648e6bc47296cca5fd2b3e1a88780d845
GenBench/hic_benchmark/code/source/shared/panel_A_D_parity_featureimp_EDITED_v2.py,47587,e8d723c2996e3eb68a2edb48f0b75506d91ed0428a9500de08b00eca630e674c
GenBench/hic_benchmark/code/source/shared/reproduce_bailly_from_oof.py,8203,e24476c509b7fc9406fc67af993a08a990814bf10264b0df4de5a582d7dee3b6
GenBench/hic_benchmark/results/benchmark/bailly_hic_external_benchmark_README.md,472,8741139a55fb5eef23390fa402a9e0210aeb587bfcceabae0fa7f873a427fa6b
GenBench/hic_benchmark/results/benchmark/metrics/assays_only/hic_rt_min_OOF_assays_only_oof_metrics.json,14102,aabf41d2210e8ec0cb32dcad302105a05173633a1c9902bc356313b8f6661529
GenBench/hic_benchmark/results/benchmark/metrics/assays_only/hic_rt_min_OOF_assays_only_repeat_metrics.csv,3734,e937c16312920729d5bb280e3572683de2b5c6d935d274b092bf7a5225b22970
GenBench/hic_benchmark/results/benchmark/metrics/assays_plus_patch/hic_rt_min_OOF_all_oof_metrics.json,14173,262fb45dd368f168e9a7defcfecb58f4b136af045096455be765b27513546081
GenBench/hic_benchmark/results/benchmark/metrics/assays_plus_patch/hic_rt_min_OOF_all_repeat_metrics.csv,3729,32d493000b59406971ba7375c2ace539575793a90d31d2e8a3c37b3d6898b3aa
GenBench/hic_benchmark/results/benchmark/metrics/patch_only/hic_rt_min_OOF_patch_only_oof_metrics.json,13521,e918c13933d76429798dd489e2b10aec1855878605ed8da5cb5ba186acda090b
GenBench/hic_benchmark/results/benchmark/metrics/patch_only/hic_rt_min_OOF_patch_only_repeat_metrics.csv,3741,a37f65c41adf69bac6b5831c3165183e14e75cb8960769222117235c78bcacd8
GenBench/hic_benchmark/results/benchmark/oof_predictions/assays_only/hic_rt_min_OOF_assays_only_oof_predictions.csv,10194,73f7acc9c17ffc3c803b573c6f1a4462ebb47b8398b9c814f3d90640fd70f7c8
GenBench/hic_benchmark/results/benchmark/oof_predictions/assays_plus_patch/hic_rt_min_OOF_all_oof_predictions.csv,10237,bf075b1b9e3226cbfc4a6e1ab5044dae2312f99d848b73241c603c9f3cd75a7e
GenBench/hic_benchmark/results/benchmark/oof_predictions/patch_only/hic_rt_min_OOF_patch_only_oof_predictions.csv,10262,735a2bff931d8d5329e69c5c9feedf9272b70326a393926fbdedec7f1671c87f
GenBench/hic_benchmark/results/summary/hic_censoring_summary.md,613,6053f8042c8447d3a9441901b1b880c8d8ee84ce945a84e2d33c0ce0614de398
GenBench/hic_benchmark/results/summary/hic_existing_benchmark_summary.csv,2729,3a987101a683265db304fc4c2ed8a9a8088efb161ed63476591cfe6857492b5b
GenBench/hic_benchmark/results/summary/hic_existing_benchmark_summary.md,1360,2575b9a426cbb6555fdf91c17e4fe877f7bea647cc5fb99c9c79edafbf9a9d2d
GenBench/robustness/README.md,1378,360a2c16d72d041152d630ac1031b0f370db52979f527567c765ef061061ab79
GenBench/robustness/clinical_external/clinical_external_seed0_10_summary_aggregate.csv,482,0c31cd88f1823e88f9ea46cc16e895415b59db29c266a182f0f3b78461245625
GenBench/robustness/fixed_holdout_stability/code/source/run_fixed_holdout_seed_stability.py,27548,89eaef129f76f27842af31c577894f276228be0c40d91a99042954193416edda
GenBench/robustness/fixed_holdout_stability/results/locked/COMBINED_ROBUSTNESS_SUMMARY.md,3949,4301c5ab1b5aa3db54914f598d35ef344d2135641e90d55cceb0e4ae184d284c
GenBench/robustness/fixed_holdout_stability/results/locked/TABLE_S13_COMBINED_REGRESSION_ROWS.csv,1115,a321fc06dd6b616237644a4984a235a890be538e3499dc40e4a1047f6648d1fc
GenBench/robustness/fixed_holdout_stability/results/locked/clearance_fixed_holdout_metrics.csv,706,27581c64396a9d3851034079819a6edf4e3d6c1d74c716994835c2ac855393f6
GenBench/robustness/fixed_holdout_stability/results/locked/clearance_fixed_holdout_per_antibody.csv,962,63aa7190612c4b5b2660a838400f9a4eebd3cc8e80319880110398cc98b85408
GenBench/robustness/fixed_holdout_stability/results/locked/clearance_fixed_holdout_predictions.csv,4254,53864960282d3e405d2cf4d7bb085b84268ad62a8e69c6d3feb624574e5c5d3e
GenBench/robustness/fixed_holdout_stability/results/locked/fixed_holdout_stability_summary.csv,1216,61f7a77e49f0d96d36b31bb1dc47f6597109e9ea18a5c3e7dcffc960eeeb0a10
GenBench/robustness/fixed_holdout_stability/results/locked/input_snapshots/clearance_fixed_test_numeric.csv,405,cccd9408d7e85057de8ee2613e5f5f6d9f73f51293523bfffe55785684273a48
GenBench/robustness/fixed_holdout_stability/results/locked/input_snapshots/clearance_fixed_test_row_map.csv,230,c57816a5ea831d20a13d5057a9f4efce86e5a7b512e6b015744b96021bdd59b6
GenBench/robustness/fixed_holdout_stability/results/locked/input_snapshots/clearance_fixed_train_numeric.csv,1425,82ea2ad74f57872f5a0ba38dbbbf36d198ae04ebc964cf5a3bc06f1d268668b3
GenBench/robustness/fixed_holdout_stability/results/locked/runs/clearance/seed_0/clearance_full_fold_indices.csv,3851,e45868fb9aa652f0ada6001e25ec26a14f09da13c4d03f144ef03c81b23ef287
GenBench/robustness/fixed_holdout_stability/results/locked/runs/clearance/seed_0/clearance_full_metrics.csv,901,399f4561468a57197c572787052c22fa1cb059d1c1eb4367787d3f091f53b1f2
GenBench/robustness/fixed_holdout_stability/results/locked/runs/clearance/seed_0/clearance_full_predictions.csv,10108,063453750d15d35e08552539c0566b9bf92da7ae522851d73c16da9ed14de837
GenBench/robustness/fixed_holdout_stability/results/locked/runs/clearance/seed_0/clearance_full_summary.md,1554,f3994d2f0db65bc7f2847a1e2908294b6b721bc7a0638ecaf7f29c5beb26a580
GenBench/robustness/fixed_holdout_stability/results/locked/runs/clearance/seed_0/clearance_full_training_history.csv,63924,5f22b9718e0611f4408c338141613b366c6757087864369793e5abb3e3292358
GenBench/robustness/fixed_holdout_stability/results/locked/runs/clearance/seed_1/clearance_full_fold_indices.csv,3851,0f4127e7a39d155d115b104b31d15d9618736f49b0edff5fb7a52548dd4ed8d7
GenBench/robustness/fixed_holdout_stability/results/locked/runs/clearance/seed_1/clearance_full_metrics.csv,893,782a279b85a95c4a5860d059da27baef09e5fde7cd8f84dc9a26669f951bed6d
GenBench/robustness/fixed_holdout_stability/results/locked/runs/clearance/seed_1/clearance_full_predictions.csv,10110,ebd89a1ba4b0090f916adcc749bd20664a4aec66fbd8deb1b5e096d351ff972c
GenBench/robustness/fixed_holdout_stability/results/locked/runs/clearance/seed_1/clearance_full_summary.md,1570,69855ed1a18c3c2519751da734a20723a3bcc957e69f02676570392a6cdeb1b7
GenBench/robustness/fixed_holdout_stability/results/locked/runs/clearance/seed_1/clearance_full_training_history.csv,96499,31e1836f705faa66be3d3732594a57002b2dd7728533a6899f3150850a92b1e1
GenBench/robustness/fixed_holdout_stability/results/locked/runs/clearance/seed_2/clearance_full_fold_indices.csv,3851,7fbf52ea21a5694107451b38b8668c4d0b1122ee8fc8fa432054db9305351f8d
GenBench/robustness/fixed_holdout_stability/results/locked/runs/clearance/seed_2/clearance_full_metrics.csv,896,bb97616125b750317fda447138ff79fe3699e4679b3521af92d1ef846d0fceef
GenBench/robustness/fixed_holdout_stability/results/locked/runs/clearance/seed_2/clearance_full_predictions.csv,10101,b317ffc6f9adb4829871f8b10dece155f903d24d7f1adc3290cbe7d6a86b8a84
GenBench/robustness/fixed_holdout_stability/results/locked/runs/clearance/seed_2/clearance_full_summary.md,1562,f55bf07a9f1abb041778f7e75005168c98a13b79096e55b13121b9ef3945aa2b
GenBench/robustness/fixed_holdout_stability/results/locked/runs/clearance/seed_2/clearance_full_training_history.csv,58346,58e222fb145f4b60383486545e97e52ed58b5152bbd82c455590e3ef08219361
GenBench/robustness/fixed_holdout_stability/results/locked/runs/clearance/seed_3/clearance_full_fold_indices.csv,3851,61a8b5c3fb9beba5ee1d877f7f682dc26f796a9fa401f044528bc726cc609a9d
GenBench/robustness/fixed_holdout_stability/results/locked/runs/clearance/seed_3/clearance_full_metrics.csv,902,56ca7b6568d1157165d4e4b3da15939d03b1d9d9e7c415dd6194a6feb33305f9
GenBench/robustness/fixed_holdout_stability/results/locked/runs/clearance/seed_3/clearance_full_predictions.csv,10120,5dd6ec5a27554dd956ad22cd3b524e0d52ae5c0ebc28b7f9d2841db81a3c3fa2
GenBench/robustness/fixed_holdout_stability/results/locked/runs/clearance/seed_3/clearance_full_summary.md,1562,e86243ba56474e1a0a463a5cc70d9d34932561908c49314071194768d3dd6687
GenBench/robustness/fixed_holdout_stability/results/locked/runs/clearance/seed_3/clearance_full_training_history.csv,45022,eb5517301a90fdf0e5d4f2b9dd7823ccebf011f0bb028f54d88507331ef9dc86
GenBench/robustness/fixed_holdout_stability/results/locked/runs/clearance/seed_4/clearance_full_fold_indices.csv,3851,42936614d9be43da00a1c8d0987d311c741f37182918eee3c9d41b68a04d029b
GenBench/robustness/fixed_holdout_stability/results/locked/runs/clearance/seed_4/clearance_full_metrics.csv,906,70788b9cd716f35a4b06eaa1569c6525b1998a1643bd8643781cac8d4f4f7de8
GenBench/robustness/fixed_holdout_stability/results/locked/runs/clearance/seed_4/clearance_full_predictions.csv,10129,1666779c9b1ea1b3a32b39a1a82ea1d0290e1150cda7a34c33d95d39de8e4c5a
GenBench/robustness/fixed_holdout_stability/results/locked/runs/clearance/seed_4/clearance_full_summary.md,1546,512927f49687b528294214ebc4a2a64b8219618ab366817bdfcccc153ff26a59
GenBench/robustness/fixed_holdout_stability/results/locked/runs/clearance/seed_4/clearance_full_training_history.csv,71279,18e799630d77884536e6fb5b2b6d9a72f9df7d4aba36e373a14cdf207f789908
GenBench/robustness/fixed_holdout_stability/results/locked/viscosity_fixed_holdout_metrics.csv,711,527a82f1f92c922c110d28b82c4f22b7953fea568c1c7f73a5448aeb85e299ef
GenBench/robustness/fixed_holdout_stability/results/locked/viscosity_fixed_holdout_per_antibody.csv,1815,144e8601ace127116609c04663f48af63efa4517cc611d3cbc404bef8eccc581
GenBench/robustness/fixed_holdout_stability/results/locked/viscosity_fixed_holdout_predictions.csv,7656,e584b5c1d7b9a01a17efc6b1aaefd1fd1e39d84e11ebbf9e77baf2f8f057016d
GenBench/robustness/split_sensitivity/code/source/acet_composite_stratified_split.py,13824,29107a1d8b03f57293199e6fbaf2f58682e2cce060f8fc70342fa50c112fa6fe
GenBench/robustness/split_sensitivity/code/source/run_current_regression_robustness.py,29064,6bdec50d0d417973f0e074c819aefa072507139b13434c0e783d8238ecccadbd
GenBench/robustness/split_sensitivity/results/locked/clearance_jackknife.csv,291,1b2a4350f6f9c31b9e57bd63b39178b4753e20d316b02cb68c3fb1b7219cfc45
GenBench/robustness/split_sensitivity/results/locked/mouse_exposure_alternate_partition_metrics.csv,1196,bd23d9dd75cd8ee414afd0da16df6b12fcb0f3196fed042ced4b73cc7422261d
GenBench/robustness/split_sensitivity/results/locked/mouse_exposure_alternate_partition_predictions.csv,5746,e124ae03698fa352b7c1cf5825653a798394f3ea0cff22af747eec9de5877a93
GenBench/robustness/split_sensitivity/results/locked/runs/clearance/seed_1/clearance_full_fold_indices.csv,3851,0f4127e7a39d155d115b104b31d15d9618736f49b0edff5fb7a52548dd4ed8d7
GenBench/robustness/split_sensitivity/results/locked/runs/clearance/seed_1/clearance_full_metrics.csv,905,74413bfd4088a32e0cd65766f0630d11162df771be99a8cbc44274f69d3df9ab
GenBench/robustness/split_sensitivity/results/locked/runs/clearance/seed_1/clearance_full_predictions.csv,10129,431d106137483671fd4e06445fa0020041d6f1b144f1c6918c8561e1a7a92964
GenBench/robustness/split_sensitivity/results/locked/runs/clearance/seed_1/clearance_full_summary.md,1554,b5a9874820c4e8f366b5a38149aca30ec5b3cd61825e04b96eb82ffe1985aedf
GenBench/robustness/split_sensitivity/results/locked/runs/clearance/seed_1/clearance_full_training_history.csv,128021,cc7515a534424811a18de085a60d981e8bdadba8e77a3c1dac2a6fa3d54e6d31
GenBench/robustness/split_sensitivity/results/locked/runs/clearance/seed_2/clearance_full_fold_indices.csv,3851,7fbf52ea21a5694107451b38b8668c4d0b1122ee8fc8fa432054db9305351f8d
GenBench/robustness/split_sensitivity/results/locked/runs/clearance/seed_2/clearance_full_metrics.csv,902,f882c07b0795179ecc50ec9d6efa08f4e157b2183a13cfe695075b9ceb5dd225
GenBench/robustness/split_sensitivity/results/locked/runs/clearance/seed_2/clearance_full_predictions.csv,10115,0360496d527a6ee03b0870a2784d1e92477ca48e54060c42aa1540692e80e8ff
GenBench/robustness/split_sensitivity/results/locked/runs/clearance/seed_2/clearance_full_summary.md,1561,4cb910ec0fa6da83b9f5d85298b444c470dac5c9483367f59057ce3775b70d3f
GenBench/robustness/split_sensitivity/results/locked/runs/clearance/seed_2/clearance_full_training_history.csv,54192,7054b1a59b219eb0e749a4d7f46eb22f159ea02988206f555806cbcda7363f23
GenBench/robustness/split_sensitivity/results/locked/runs/clearance/seed_3/clearance_full_fold_indices.csv,3851,61a8b5c3fb9beba5ee1d877f7f682dc26f796a9fa401f044528bc726cc609a9d
GenBench/robustness/split_sensitivity/results/locked/runs/clearance/seed_3/clearance_full_metrics.csv,902,4ebffb4f239d9d7c16d54260b92d060d75894abeecbe9cd358753a7d9a25671f
GenBench/robustness/split_sensitivity/results/locked/runs/clearance/seed_3/clearance_full_predictions.csv,10131,c49c0afc3c2a02dc08d17dda6aa899e89d810b1e1fcfb57c780e815f99e8ac21
GenBench/robustness/split_sensitivity/results/locked/runs/clearance/seed_3/clearance_full_summary.md,1553,3cd524e165ae93256055bc21d50a1b8f8fa151c87e89a05d558bf531571ab7bc
GenBench/robustness/split_sensitivity/results/locked/runs/clearance/seed_3/clearance_full_training_history.csv,116621,ae9200c888067ec8a9ea4ffed93e8ffef21cebcb4df90420204f02db2ac4d601
GenBench/robustness/split_sensitivity/results/locked/runs/clearance/seed_4/clearance_full_fold_indices.csv,3851,42936614d9be43da00a1c8d0987d311c741f37182918eee3c9d41b68a04d029b
GenBench/robustness/split_sensitivity/results/locked/runs/clearance/seed_4/clearance_full_metrics.csv,909,e4b055555e880fafcb27be8555b630416529b787c9fc62b097d09ed8d1705f1d
GenBench/robustness/split_sensitivity/results/locked/runs/clearance/seed_4/clearance_full_predictions.csv,10130,9cb9c0a9ef46cb1e5a4c82a4cd7110ad461b723b14b417731fed7e4f73dd3490
GenBench/robustness/split_sensitivity/results/locked/runs/clearance/seed_4/clearance_full_summary.md,1561,90a8450f510b47b8f07e50d31d89d69f1cf993aa5517015856461cbe36371287
GenBench/robustness/split_sensitivity/results/locked/runs/clearance/seed_4/clearance_full_training_history.csv,56279,a25fb1f114116b23a795024143f5d717676f4554289cb89f6c2e0e6d7c7673e5
GenBench/robustness/split_sensitivity/results/locked/runs/clearance/seed_5/clearance_full_fold_indices.csv,3851,7456aa5167622c69c5185c05782ed80644385c03d18a5b26383664f71ba753a7
GenBench/robustness/split_sensitivity/results/locked/runs/clearance/seed_5/clearance_full_metrics.csv,902,78638684de85cb932735b9a273fe59b8f2c55df268366e2e7754ce3a672de32d
GenBench/robustness/split_sensitivity/results/locked/runs/clearance/seed_5/clearance_full_predictions.csv,10135,33dd9f5252ec66b9a5ad54b3f501c9b8be6786b210bce5993f8cbd543704b7ed
GenBench/robustness/split_sensitivity/results/locked/runs/clearance/seed_5/clearance_full_summary.md,1561,50f19be34ffd8659726f19ec2b8a4fb30be471a506cc151069febf60113156f6
GenBench/robustness/split_sensitivity/results/locked/runs/clearance/seed_5/clearance_full_training_history.csv,55547,b4365a444e0529e3a3fdd013875b9a792a2d27d5f82510e461209b2d7c6fdc2f
GenBench/robustness/split_sensitivity/results/locked/runs/viscosity/seed_1/viscosity_full_fold_indices.csv,2901,9bfeceff83c09fb0192ff82b6d90d63f7c3d569eeb76cb84b8e5c823b7682cdd
GenBench/robustness/split_sensitivity/results/locked/runs/viscosity/seed_1/viscosity_full_metrics.csv,891,d38023a32541537f4e5f6c043b5d1daad726b6c3570abac9fdbde58b1fbccfcb
GenBench/robustness/split_sensitivity/results/locked/runs/viscosity/seed_1/viscosity_full_predictions.csv,8088,90b4a7e512cff2b0c29ec531e9f30db1ea3c85cb9a59ea15707196e3c1a456ae
GenBench/robustness/split_sensitivity/results/locked/runs/viscosity/seed_1/viscosity_full_summary.md,1551,1c90cc037acc0e2e0e9ee70200a3887cdd227ad3447be0b9f3e6a40087f8d934
GenBench/robustness/split_sensitivity/results/locked/runs/viscosity/seed_1/viscosity_full_training_history.csv,39081,b7e23d2ba1751b9e7861dbdba4b9c294f52ac2c7d4803d7c6db096c0b261fbdf
GenBench/robustness/split_sensitivity/results/locked/runs/viscosity/seed_2/viscosity_full_fold_indices.csv,2901,74072cb29f64aaf9145a66604b4d6c96ea96c3bf81ad7c7c352bebf5eb96045d
GenBench/robustness/split_sensitivity/results/locked/runs/viscosity/seed_2/viscosity_full_metrics.csv,890,ce532db5ddfc94ccbd2d0dac6be441116b24da495d53280a68c79f7130bcb78a
GenBench/robustness/split_sensitivity/results/locked/runs/viscosity/seed_2/viscosity_full_predictions.csv,8152,eddaaba159dd6618877e1e449703f5dfab8893964e117a47d976bb5e7a273369
GenBench/robustness/split_sensitivity/results/locked/runs/viscosity/seed_2/viscosity_full_summary.md,1542,481b99aaf00d19bcdeab357e8f1a684e1cd0cc4d0d2caf5603f374c9395ffa98
GenBench/robustness/split_sensitivity/results/locked/runs/viscosity/seed_2/viscosity_full_training_history.csv,35864,7b93c0ed87e04c21368e6a5edfa86327cda4e2050617bc580a6bd5875f10945a
GenBench/robustness/split_sensitivity/results/locked/runs/viscosity/seed_3/viscosity_full_fold_indices.csv,2901,766ebfbe2c4937e88c18eda2fe8fad9e9ce65d430f2b7783bffd59bcd5824272
GenBench/robustness/split_sensitivity/results/locked/runs/viscosity/seed_3/viscosity_full_metrics.csv,893,d820d87c1667485ba8612f5f5cd0ca74b9d588d7bd5db0a3adc3182c98c2f9b3
GenBench/robustness/split_sensitivity/results/locked/runs/viscosity/seed_3/viscosity_full_predictions.csv,8042,49076ceaeb232168c1249fa39bc0754317999055771dd89850327b41475f85dd
GenBench/robustness/split_sensitivity/results/locked/runs/viscosity/seed_3/viscosity_full_summary.md,1543,84df31dcca1a0ef990b12d06f9156f6787f00f82701a297798f48a1555f9f35c
GenBench/robustness/split_sensitivity/results/locked/runs/viscosity/seed_3/viscosity_full_training_history.csv,53965,51d0f2995dca8f51187eb827d3f00ffb82f5a5870e3ab3a95e175dd87d849fd8
GenBench/robustness/split_sensitivity/results/locked/runs/viscosity/seed_4/viscosity_full_fold_indices.csv,2901,64e0b07f6a202c77fbe8923a76c32029695e0cf4e18302c9303ca2f22f42139e
GenBench/robustness/split_sensitivity/results/locked/runs/viscosity/seed_4/viscosity_full_metrics.csv,887,8ec5ad54527a2001f685d9a8c598773fbdc54f71b3625e5c9d3a2f8986526a24
GenBench/robustness/split_sensitivity/results/locked/runs/viscosity/seed_4/viscosity_full_predictions.csv,8101,01ab866d511fdbeec54663c4802d87b1b711e9c6ba7aec4b0754e2667f38b640
GenBench/robustness/split_sensitivity/results/locked/runs/viscosity/seed_4/viscosity_full_summary.md,1542,a4831aaa6b155d787b94e9af842c508e93e2668a35487083f2cce7c2f4c4e25b
GenBench/robustness/split_sensitivity/results/locked/runs/viscosity/seed_4/viscosity_full_training_history.csv,34611,5ec05f6568ac90b54ed9d7a60766eb5c3c6741afaf9724bcbedfb6503335e68f
GenBench/robustness/split_sensitivity/results/locked/runs/viscosity/seed_5/viscosity_full_fold_indices.csv,2901,82920db7fa9172d0bdbaccbf8c788a0d0cfbedcb79f14b5b8a88f60f4f164719
GenBench/robustness/split_sensitivity/results/locked/runs/viscosity/seed_5/viscosity_full_metrics.csv,893,1776c35e33b7eff950fa8931e309dbf7758eb55ad6772d5ac815f85d90572bfd
GenBench/robustness/split_sensitivity/results/locked/runs/viscosity/seed_5/viscosity_full_predictions.csv,8025,219fe5c1b8cf1af3c3fecd6b20bfbbae3d8618c01709f3cf74f5452e685bb3ed
GenBench/robustness/split_sensitivity/results/locked/runs/viscosity/seed_5/viscosity_full_summary.md,1542,bc564951f115bc7d5815ac60a772a60bbf107ae4a74ed35f0e77aa8bcb83c8df
GenBench/robustness/split_sensitivity/results/locked/runs/viscosity/seed_5/viscosity_full_training_history.csv,40433,bac5abb41ade2c0664b87e7e57688cf0db9a4f28b916f25ca9c2b7dfcc7b5d4e
GenBench/robustness/split_sensitivity/results/locked/splits/clearance/seed_0/split_meta.json,636,5f3acd717f8d1805b161d32d5e4bc6737442a7146f0f28d5e95a76151ca7c48c
GenBench/robustness/split_sensitivity/results/locked/splits/clearance/seed_0/test.csv,405,cccd9408d7e85057de8ee2613e5f5f6d9f73f51293523bfffe55785684273a48
GenBench/robustness/split_sensitivity/results/locked/splits/clearance/seed_0/train.csv,1425,82ea2ad74f57872f5a0ba38dbbbf36d198ae04ebc964cf5a3bc06f1d268668b3
GenBench/robustness/split_sensitivity/results/locked/splits/clearance/seed_1/split_meta.json,636,334b4f89a70aef1602e806115aed1b0374ca57a6396bd2a86ad68898d3e4330b
GenBench/robustness/split_sensitivity/results/locked/splits/clearance/seed_1/test.csv,400,5d2605bb40423fb84962c8af3f80f0dc752ab133925b7241de3f756778cc8198
GenBench/robustness/split_sensitivity/results/locked/splits/clearance/seed_1/train.csv,1430,f871ffc55c84f2f9c08f439d7ea1d860e32e854bced190e02a9ee2c50d104d39
GenBench/robustness/split_sensitivity/results/locked/splits/clearance/seed_2/split_meta.json,636,b8c1d6a2618e461ea40655b7de33a97c9b70205c259585e0b872295f96c4eba0
GenBench/robustness/split_sensitivity/results/locked/splits/clearance/seed_2/test.csv,396,8c5d06a63e361cc8505f8e72252bc5ecf44fdef37c19a4802047c15627129dac
GenBench/robustness/split_sensitivity/results/locked/splits/clearance/seed_2/train.csv,1434,a17338478b93cc2fbd6fde5e99339eec9860f2e4d317381d435945a2b3d4ffa2
GenBench/robustness/split_sensitivity/results/locked/splits/clearance/seed_3/split_meta.json,636,6d4c1c52a3da9891eb0af116d9d402a9bd4dbde57001c86a6d4416f1d81a31ff
GenBench/robustness/split_sensitivity/results/locked/splits/clearance/seed_3/test.csv,405,37e5b7fa3d35dc4990defaee05c21f3365cf857f0ebb0918f43b6497017f6fa6
GenBench/robustness/split_sensitivity/results/locked/splits/clearance/seed_3/train.csv,1425,def3c0fff8bbcd9f61970d0bbdf69cc0d1d89777fae5fe07aa9382cd323fb266
GenBench/robustness/split_sensitivity/results/locked/splits/clearance/seed_4/split_meta.json,636,4ec041c4a7859b8ac9ea5462c5a65c5bbcc272c5a4a6ca916249750e3f002dc5
GenBench/robustness/split_sensitivity/results/locked/splits/clearance/seed_4/test.csv,409,2ec01a556d3ac34387e8c60e9baca48bb44ab8dff2ced6f8bda39818f2730a00
GenBench/robustness/split_sensitivity/results/locked/splits/clearance/seed_4/train.csv,1421,1f319cf971382446666bda818f8538c35b17f3c75b17894c0ffe1c30f534678d
GenBench/robustness/split_sensitivity/results/locked/splits/clearance/seed_5/split_meta.json,636,22f37d757fac1eb6c8f4225a8b0a906c06b0ed6e3bdc220dcb45350353124fb0
GenBench/robustness/split_sensitivity/results/locked/splits/clearance/seed_5/test.csv,417,45a2c5fb57c415da9380e0d0e16ef37a003cb5ddacdd53ad302e952c20f28841
GenBench/robustness/split_sensitivity/results/locked/splits/clearance/seed_5/train.csv,1413,67a00965ee9ade13674da378e02722029e2e231857e54356e299b3d9cfd39eaf
GenBench/robustness/split_sensitivity/results/locked/splits/viscosity/seed_0/split_meta.json,834,b1d1bbb5cddb2e356db2de134c8b77ac8143acba3fd82e026556f4be915dc1dd
GenBench/robustness/split_sensitivity/results/locked/splits/viscosity/seed_0/test.csv,850,684d26a9f0d491cdf41c8c05213617fd696cdcaa0c4ba560c11524ebcb26d6e4
GenBench/robustness/split_sensitivity/results/locked/splits/viscosity/seed_0/train.csv,1750,a6f95d5414910954b3dba4aa040b1afae2d2f2090cbafe3283df804b8ea88b41
GenBench/robustness/split_sensitivity/results/locked/splits/viscosity/seed_1/split_meta.json,834,9590e260133e4018f83671bf795fafc60ae267c5054caf7b9fb80aa5243b317d
GenBench/robustness/split_sensitivity/results/locked/splits/viscosity/seed_1/test.csv,849,c781b12eb7ae0bf984b6c0baf2662ad37c9a8e4e6188790c4b7bcf5c8ca4af80
GenBench/robustness/split_sensitivity/results/locked/splits/viscosity/seed_1/train.csv,1751,b37cde76fd7b6ab91b5d53889fe0a3559921eaee892418d1b56e1dae51099bba
GenBench/robustness/split_sensitivity/results/locked/splits/viscosity/seed_2/split_meta.json,834,e2051b391df2ec71a5465acff57f2945d1de44774bae35b7814b767da6bedf16
GenBench/robustness/split_sensitivity/results/locked/splits/viscosity/seed_2/test.csv,849,2e87ca1f41f2af30e9338381cabd93f627412b6de795b1f6a19217a13132d9ca
GenBench/robustness/split_sensitivity/results/locked/splits/viscosity/seed_2/train.csv,1751,f806a96b4c00d6e8320b407cfe07f18f57bff1f459c91a6521136396fd667a8f
GenBench/robustness/split_sensitivity/results/locked/splits/viscosity/seed_3/split_meta.json,834,0f658040ed633a32417541723a7fb3038e2dd40980fde58dd308ea454a31478f
GenBench/robustness/split_sensitivity/results/locked/splits/viscosity/seed_3/test.csv,849,181b86d01512fae159b2a09ae89be03b4f7beb8d7e6f9c6132acd0babeae9ea5
GenBench/robustness/split_sensitivity/results/locked/splits/viscosity/seed_3/train.csv,1751,31b9b97abdb2db96b2a1059dff342f9f3ccfb260f3fb16ecb6b123c30556eb0c
GenBench/robustness/split_sensitivity/results/locked/splits/viscosity/seed_4/split_meta.json,834,4558aaaae5b20efafa545cda05ef7ba350c503aa7ef250bddebae71215d6bd8a
GenBench/robustness/split_sensitivity/results/locked/splits/viscosity/seed_4/test.csv,847,c81492cf5e980b382e8a1bf94f20c167306eaa3899bd8537985b91356edb7d6d
GenBench/robustness/split_sensitivity/results/locked/splits/viscosity/seed_4/train.csv,1753,1f8ba2ca78e1add17ff5ce021dfbfa53d4d14a41e8254dc70585ea9efd3d9aaf
GenBench/robustness/split_sensitivity/results/locked/splits/viscosity/seed_5/split_meta.json,834,1bfa3811d120201993a7af291437c364ef855b7adfca8882ba4ae30802605300
GenBench/robustness/split_sensitivity/results/locked/splits/viscosity/seed_5/test.csv,848,94a983cd62acb49ce532abe55443789cbfc56b1b02e00dd0256b0ff10327c06f
GenBench/robustness/split_sensitivity/results/locked/splits/viscosity/seed_5/train.csv,1752,4823c9fe8e9149868a0ff593ccaed073a61c4d4fb94ff8acf5714e4f8316fd1d
GenBench/robustness/split_sensitivity/results/locked/viscosity_alternate_partition_metrics.csv,1163,9ac5f63a30fc794e2c31edd7ad71713b8d23dbcec383257586c472e9b782e862
GenBench/robustness/split_sensitivity/results/locked/viscosity_alternate_partition_predictions.csv,10895,1c587a8372cc7ac5e3bd52b9f0054c9178fc005a850dc5fb8c307febb66376f4
GenBench/robustness/summary_sources/mouse_exposure_seed0_5_robustness_summary.csv,247,d59dfd029af9eba11a4133da2e8f3ddd3a9033760b35c1db278823465051b854
GenBench/robustness/summary_sources/robustness_overview.csv,830,3b4d47382241a81a1356243bf9bd66615db391dae7df4b407fdd23970eed3a60
GenBench/robustness/summary_sources/viscosity_seed0_5_robustness_summary.csv,264,a402f2fea902bd79eda3271eca1d9dd402fa89fcee338cae8c8c00a722681e09
MainPack/README.md,835,8c6eb6376e2d767f84961afa503e5820f6f7e80b68ef9332d26ccb78ca58443b
MainPack/clinical_outcome/README.md,1194,b47c31087e6b96eead251d29e1bb14150cfeed269db550ffe21f06faca498db3
MainPack/clinical_outcome/code/source/figure4_targeted/clinical_model.py,8444,6f3574ff07e3c384354165316dab1c1b1941f0aece96565edf7fbff2577537d0
MainPack/clinical_outcome/code/source/figure4_targeted/panels.py,21374,f29ec4246886d4d97131e5df67b350c05b78f9185762895fa75b043e37549696
MainPack/clinical_outcome/code/source/figure4_targeted/postprocess.py,12510,0f4143ea58e7ea1a7d857a19e8f71e835d5ef3388891a565050a0c35a201dd7e
MainPack/clinical_outcome/code/source/shared/ExternalCohort_14mAbs.csv,515,14ee2862875532c3389bceee9f576539a6fc8c369f2893bc8ac7b31f436bb3c2
MainPack/clinical_outcome/code/source/shared/ExternalCohort_14mAbs_wname.csv,685,becce24342121d04586f6a89cec7c48c74caee719b52d8c39f05392837edec29
MainPack/clinical_outcome/code/source/shared/InternalCohort_112mAbs_test.csv,787,c5d6f5e82c289e4e7c3f7934f8402733b8b26a304a14e8b9a7353ace74327360
MainPack/clinical_outcome/code/source/shared/InternalCohort_112mAbs_train.csv,2988,8598482a47ab0a71f365d9d4151ae6ea1dca2f45d1ad31a054410653177446e8
MainPack/clinical_outcome/code/source/shared/InternalCohort_112mAbs_wname_test.csv,1090,e7f0ae74c519d07dc3bc8160616bce711df6a224f698ae3436c51807a2b174b7
MainPack/clinical_outcome/code/source/shared/InternalCohort_112mAbs_wname_train.csv,4152,2c006e5720dac627f40c381fb94385949aa7ae21b5358fc369dd45accd154b1a
MainPack/clinical_outcome/code/source/shared/clinical_model.py,8444,6f3574ff07e3c384354165316dab1c1b1941f0aece96565edf7fbff2577537d0
MainPack/clinical_outcome/code/source/shared/panels.py,17508,06453fc913ebf52ad9874dfefa915a67db311049a06ba2202a8001b5bc98f49d
MainPack/clinical_outcome/results/finalization/TABLE_S14_CLINICAL_RULE_COMPARISON.csv,3070,9b4cbe18bde42392978288f7aed449805e94f4a2d370d0705c2bbfc6ebf8cba0
MainPack/clinical_outcome/results/finalization/TABLE_S14_CLINICAL_RULE_COMPARISON.md,3158,db5da479a39c563fc44dd314e9df4db2da5e1d8b863a6ea624e49480e6e7e13c
MainPack/clinical_outcome/results/finalization/TABLE_S14_FOOTNOTE.md,554,bfe1a1cf71a1f52a054232a6a6c4df6994e91586242a1eeedbd0a164c034325d
MainPack/clinical_outcome/results/targeted_repro/ASSAY_THRESHOLD_COMPARISON.csv,975,a0ff29ee48beb2cfc1b450f961206963f1fd6f4f1c88777f0cc7ff3e7ae52bb9
MainPack/clinical_outcome/results/targeted_repro/CONFUSION_MATRICES.csv,1136,a3d710ec66030c54f748bff6fa067de6aef2ecf729918d97c0f3c6d5c668a068
MainPack/clinical_outcome/results/targeted_repro/ENVIRONMENT.txt,394,ed8e527c0e3abcefe2d7cd917a839b25f8e6c3568745cea434f6b8f7ab087520
MainPack/clinical_outcome/results/targeted_repro/EXTERNAL_PREDICTIONS.csv,2266,a07e1d259105497471ac5af50a7dde126b1234957047b6e1cbc58ee666330615
MainPack/clinical_outcome/results/targeted_repro/FIGURE4_ECONOMICS_RECALC.csv,1128,6c8ba5e5da65a4d8e3bd78e05758d5a298376ecb71a59d346e17183272ebd89d
MainPack/clinical_outcome/results/targeted_repro/FIGURE4_SOURCE_VALUES.csv,3233,614bbc735deb1b09a2d80846b2d55087b37aa8d9c2b49169865b5a3b1f03ebe1
MainPack/clinical_outcome/results/targeted_repro/FOLD_ASSIGNMENTS.csv,14162,e576773dfa16e43964fd525917667237981cd46c29200b39dd8e5e3c8d9b4d4c
MainPack/clinical_outcome/results/targeted_repro/FOLD_METRICS.csv,232,48fb5464426ace7b01226109e30f004b66c1023b6a594a908bd8739cc0132ff3
MainPack/clinical_outcome/results/targeted_repro/HEAD_SELECTION_RESULTS.csv,70,abf31cd585a4d9dae8742f0cac43fbbefa7c8a4b39d768777b07b76ae512c980
MainPack/clinical_outcome/results/targeted_repro/INTERNAL_TEST_PREDICTIONS.csv,3095,9da208759ea20b00950e9ff899e9be18182b79762bd9d15c46b1397f179399c0
MainPack/clinical_outcome/results/targeted_repro/METRICS_AND_INTERVALS.csv,1296,106f6c78b45d1f5d6ac3ae1bd4dc5148d02f23fffc9d4e6ca0421a54dea922dd
MainPack/clinical_outcome/results/targeted_repro/MODEL_OPERATING_THRESHOLD.csv,237,ac7283dc379d42a8df17ca1b181a8e15c9392b3aba219f3066137e6822488b8a
MainPack/clinical_outcome/results/targeted_repro/TRAINING_HISTORY.csv,5936,f0548cf83540c2dd9fe215f5d68f2f9d875e906198eec6751e538675ffaa74ba
MainPack/clinical_outcome/results/targeted_repro/TRAIN_PREDICTIONS.csv,14408,3b5a9a5218dbf820764221ec5acd63933a714eae6d3db242868fe2d54df61c95
MainPack/clinical_outcome/results/targeted_repro/Table_S1_thresholds.csv,208,92e2b78954bf978df1460a157a09464e60eb174a04a129643297d4ebb6dd1fa2
MainPack/clinical_outcome/results/targeted_repro/clinical_figure_data.mat,2696,85bb5c2bf95811d092865be7ef916fffce865d96afa1728df42f3b75ee1b2f1a
MainPack/clinical_outcome/results/targeted_repro/cm_external.csv,10,1a46de32bc766e7bcb03af0c09c9653ec5442e402e3112e4d435a8905dcdd506
MainPack/clinical_outcome/results/targeted_repro/cm_test_mlp.png,16780,6cf07b660f1e04e3441abb7fd8a59caee7c7367466fefdb9128ce3b5d0b855d3
MainPack/clinical_outcome/results/targeted_repro/cm_train_mlp.png,17398,12abe4fdc0e5bbc8753fd883b08cda6a4a4912ed063c14f0d592a56d2d9696fb
MainPack/clinical_outcome/results/targeted_repro/external_labels.csv,364,56bcb0f5ce3e4308a805ee3568d780706501defc9ff6807fd94a5e4cfe7f0874
MainPack/clinical_outcome/results/targeted_repro/external_preds.csv,364,39e4c06a65559ed52c6955a7e997fa85dd41b70ba1e6970ab333d45825a255d9
MainPack/clinical_outcome/results/targeted_repro/external_probs.csv,714,9c82a7321e66d3218da904d207f5501de654019d1ab3d05afcce0d1ed55ba41f
MainPack/clinical_outcome/results/targeted_repro/figvars.mat,2696,e9c9462b67d0bd345f0065a3024149a98d5bbddeff206c7b096beda6cc308cc9
MainPack/mouse_exposure/README.md,1588,dfda85747e42fbebc6d84396e5a1af3beb26841e417384c1f30ee983fb13acab
MainPack/mouse_exposure/code/source/extract_figure3b_locked_arrays.py,3593,edaae5a69bf26c1f7d40fa61ebaf791fecadcb515fef65cae17016d4a1071275
MainPack/mouse_exposure/code/source/figure3b_augmented_model.py,7503,006e6eb58e73fce396442f0a61654624a60deeeb1d2375b24706846f8e56ef4b
MainPack/mouse_exposure/code/source/figure3b_augmented_producer.py,15358,00546704f846f3b0d569c85916f219243371190a00ae9fd9691c3ff54d706ff0
MainPack/mouse_exposure/code/source/shared/clearance_model.py,7446,9bd1867b237da8152f8099b403b2f80648e6bc47296cca5fd2b3e1a88780d845
MainPack/mouse_exposure/code/source/shared/clearance_panel_C_baselines.py,13282,e39a6079466bb26c2889292dbf6205917eb66b909f0f3c9bbeb3b5ac626633fd
MainPack/mouse_exposure/code/source/shared/clearance_test.csv,405,cccd9408d7e85057de8ee2613e5f5f6d9f73f51293523bfffe55785684273a48
MainPack/mouse_exposure/code/source/shared/clearance_train.csv,1425,82ea2ad74f57872f5a0ba38dbbbf36d198ae04ebc964cf5a3bc06f1d268668b3
MainPack/mouse_exposure/code/source/shared/panel_A_B_parity.py,15552,282bca74bb071dd779956935a2465a34f907898e943bbdb8cac13cb9e6c205c4
MainPack/mouse_exposure/code/source/shared/panel_D_shap.py,10937,0f241b30bcae0e79a402d734ba3b30364eef451e3ff7bd0123dbe97e140b28d3
MainPack/mouse_exposure/results/figure3b/AUGMENTED_ALL_HEAD_INTERNAL_CV.csv,1561,c32f7e1991b93901135703629b8c8a7a3ee8fa0b2a760a846fdf688093eed877
MainPack/mouse_exposure/results/figure3b/AUGMENTED_FULL_PRECISION_ALL_HEAD_PREDICTIONS.csv,5420,6c19174134e0fc396592f6dab8886201f21c4886a1687f23c203b7855313cbff
MainPack/mouse_exposure/results/figure3b/FIGURE3B_LOCKED_PLOTTING_ARRAYS_DERIVED.csv,756,7861fe3eb559109f67d1924aba89418c25c66257c0ce69bce09f3f6257726038
MainPack/mouse_exposure/results/figure3d/clearance_shap_summary.mat,1768,30905d0afc1b01ab45dca09d7543c3de1b5234cfc9580111993dfbcb786f5889
MainPack/mouse_exposure/results/primary/clearance_panel3A_data.mat,1456,79a672641704ddf0e7b09e6f43812b80bf02dbb489ed8ec1ba1b664b67b8688f
MainPack/mouse_exposure/results/primary/clearance_parity_loglog.png,212719,babfa7699c2c7ecdbeb4ee493233c6495c9259fcd990fed85139794275fd135b
MainPack/mouse_exposure/results/primary/original_clearance_repro_metrics.txt,52,b4f68df239e2c1dabea5baf6f23da9e410fcc9f7fc33b5f5bfb8de393a275e06
MainPack/shared/minimal_baseline_patch/clearance_panel_C_baselines_minimal_patch.py,15178,e02499aedbb5aba01b5a2f7dad45d67b499265d71b7acafd3a637e756bd263fa
MainPack/shared/minimal_baseline_patch/viscosity_panel_C_baselines_minimal_patch.py,13679,355bb30beac14595e12d508b34ce11ba866d7b4c1c9743e61b06cf9b72b31ce5
MainPack/shared/pooling_ablation/clearance_pooling_ablation.py,9244,24148fac9981dcc7a1bb00e731903989b67db600649e7e292541b71a1dfa72fd
MainPack/shared/pooling_ablation/viscosity_pooling_ablation.py,20720,e2631b6fb2b282b8d31600556a4bb0bca6b0eec6b4702630ec0ee5fe1b708dc0
MainPack/viscosity/README.md,1374,65d622d9d4fa9a469a4fb25eaf277a0754eb86f95db66647163845f3dca1456d
MainPack/viscosity/code/source/figure2de/README_FIGURE2DE.md,1035,29d8d0494b8fa1523903b0eb3f187d44f5c5c62759f53325b24fbc5ee3106b37
MainPack/viscosity/code/source/figure2de/learning_subset_order_seed0.csv,758,9f391cdc12435b982882248785f9b87b524bf3d5d08bdfac321ff06540ce22b9
MainPack/viscosity/code/source/figure2de/requirements_figure2de.txt,313,f413999a79d7cde7e538ab3c59ab3ecd6ac0c43d88b42e1e65530bbbca232c2a
MainPack/viscosity/code/source/figure2de/viscosity_figure2de_current.py,73323,b72dd95a92c5689fef9a87e17fc1a6431586ef4eaac5f93b89dec8bd4612b3cf
MainPack/viscosity/code/source/shared/antibodies_test.csv,850,684d26a9f0d491cdf41c8c05213617fd696cdcaa0c4ba560c11524ebcb26d6e4
MainPack/viscosity/code/source/shared/antibodies_train.csv,1750,a6f95d5414910954b3dba4aa040b1afae2d2f2090cbafe3283df804b8ea88b41
MainPack/viscosity/code/source/shared/panel_A_D_parity_featureimp.py,13289,8fff9207bc0e60ebd83e44b54f7e9fdd6f0f699d11eb342b6a73e0ac2d27a4c3
MainPack/viscosity/code/source/shared/panel_B_bootstrap.py,8936,48a6b87d17306e33d98a4ae4b60fc969e740b06f32aea5c294277d02692ddb11
MainPack/viscosity/code/source/shared/viscosity_model.py,7446,9bd1867b237da8152f8099b403b2f80648e6bc47296cca5fd2b3e1a88780d845
MainPack/viscosity/code/source/shared/viscosity_panel_C_baselines.py,11826,e1767851f8c5f45610c9c44aa3e94b966d31af1a4aaf036f7b68824b8c78cba1
MainPack/viscosity/results/figure2de/FIGURE2D_RESULTS_SUMMARY.md,2817,4281f7f551b8571058f12ab36fb8adc3855c363fbfb7cf4792c86fa03879ea8b
MainPack/viscosity/results/figure2de/FIGURE2E_RESULTS_SUMMARY.md,3619,90e2cbff049f4f59169d421ae5d56a20341843151cc7231cb845b2f3b0d2f2a7
MainPack/viscosity/results/figure2de/Figure2d_current.mat,1680,d02e12fc0b83b5f17f5c779961088788b8d2e9c03dc8d1f507c17d70b2b20ed1
MainPack/viscosity/results/figure2de/Figure2e_current.mat,1624,90cb1a2218865c87ecef84b7cb63e0756f26b14f1c67ff7b5df42dc3d43f6885
MainPack/viscosity/results/figure2de/figure2d_importance_summary.csv,425,a4cc24e5e5441bcda5acfd3c459de77d6b6f4970300007b69e0900dfa81407d7
MainPack/viscosity/results/figure2de/figure2d_pairwise_tests.csv,1034,294087dae3117c879410b84a7ec01c36b7f3a386516c55517fe04b8f690bb173
MainPack/viscosity/results/figure2de/figure2d_permutation_predictions.csv,585939,241d3909236b30277e896c14dc123268b504d1b46682714615a4653c2f6184f2
MainPack/viscosity/results/figure2de/figure2d_permutation_repeats.csv,13329,af8bfd0fbd2a70b140b3f0a0af65d880ba7137d93d1b789f66af2fa0fa6d9c17
MainPack/viscosity/results/figure2de/figure2d_seed0_importance_anchor.json,346,28c81009615238521d93fc41b7a8e4d4e603b9799b68af093ef8fb3df18def90
MainPack/viscosity/results/figure2de/figure2d_seed_importance.csv,1777,d105bbffcdfdc62cc7d40e8592826a84b3e718f10fa4f783cceba8b91c1d9066
MainPack/viscosity/results/figure2de/figure2e_ablation_predictions.csv,56228,b8058845927499259dcc779660d71612a80009c34d65665ec048378228b118a8
MainPack/viscosity/results/figure2de/figure2e_ablation_runs.csv,7605,754452a0d6fed7b94fb4e38a85f1ddf98ec9f736ea47860d72470d17c43f2fb7
MainPack/viscosity/results/figure2de/figure2e_ablation_summary.csv,770,b4487610a10a21020fa42ec6356a871427542719f2226fc1f7e770c660706775
MainPack/viscosity/results/figure2de/figure2e_ablation_tests.csv,458,aaa712082bba80edfb63baa93717f65fe852cf0c8101846d88e9b56eebebd2f1
MainPack/viscosity/results/figure2de/figure2e_claim_check.json,407,eaff23c6f51f25c813be737961343cb334bcf9699344c2637f9f3a2dfe04d9a2
MainPack/viscosity/results/figure2de/figure2e_learning_curve_predictions.csv,26603,162a7260313be202ea3062ae7a50d66e4b07aba2512e65b97aaebee412a25d11
MainPack/viscosity/results/figure2de/figure2e_learning_curve_runs.csv,3682,11dbba89fa18d29779363b9c0e84747940f3b94d3527e1711026991af24da085
MainPack/viscosity/results/figure2de/figure2e_learning_curve_summary.csv,717,30766bd2ad4b5ef5de7fa8885f4cf3ea1923352b1f7842a77e8522aec72a92e4
MainPack/viscosity/results/figure2de/figure2e_learning_subset_membership.csv,8669,28dc04f09127ec7e7b86955f434af77dd66b74377638d4f190849a4126793772
MainPack/viscosity/results/primary/original_viscosity_repro_metrics_summary.txt,1468,0eeee67e090c85c8ae41865e52ecd1846737c8cb8ee05bb5c1ea95927f7b7c4b
MainPack/viscosity/results/primary/summarize_original_viscosity_repro.py,594,193a8c4f6f1f39236aaa59fc185217c70c4db0463057fe765786ae10e2cba185
MainPack/viscosity/results/primary/viscosity_feature_importance.png,51469,31f07dac333c7e3ebf4764e2d981e86e5844545cb333e0a4f2a47ac0bbfa7632
MainPack/viscosity/results/primary/viscosity_pred_vs_true.png,39612,3f4b80e540ac3e9b49cffcf0ea1923f8a6e337d2306e3a2e12462875257f0564
MainPack/viscosity/results/primary/viscosity_predictions.csv,359,e0b083738b305d81762c9b6ae6a3f6840e76e12ca0beefb20e37048f00a58c47
MainPack/viscosity/results/primary/viscosity_results.mat,3128,f8af81ce0a2fb6064ac7daa900e9ca6300b4717e1bff942cbb66aa5e17d94eee
README.md,40039,fc7806554576197d2b580a055a0717c3b0cd3e0eee480abdeca76c033f2730b4
RIGHTS_AND_ATTRIBUTION.md,962,2894fe222ca7d6277484cd3a0a85ad2d3f6a3ee8e4bee694cf8fd2d33be0308e
Reproducibility/README.md,3570,c724d1377178b2fd9f612d2a5c13e2e4f60682323922729cf5cde43bf9ffba1f
Reproducibility/THIRD_PARTY_DATA_SOURCES.md,280,6e6240a263ac20baac70b6df3e76b60b2db712239e603ada5ade8a4b6a247523
Reproducibility/Table_S4/code/reproduce_table_s4_ridge.py,12438,b4df5e71c2e4b97bda72453d62a9b7b0276025062d517db4adfb778a2f217819
Reproducibility/Table_S4/results/ENVIRONMENT.json,425,f04133521a9a98d71614b7d1d0b73b94e25f3dcd144f90df3d238db677d8ad4b
Reproducibility/Table_S4/results/TABLE_S4_RIDGE_PREDICTIONS.csv,3095,e0139ac627dc7cd7a4b5c8c2a95a79c733643dcd58dc69acb37fc6a4483d2fff
Reproducibility/Table_S4/results/TABLE_S4_RIDGE_RESULTS.csv,848,a13a3e7ff124cc03eb00f8236cc05c310f4d8989e28fb07ffc764ef1f5d75372
Reproducibility/environment/README.md,1106,fb22a5f7df1709d867d55460d7602f73f3a12ada95c998c116d7872f4081664a
Reproducibility/environment/reported_requirements.txt,414,59faa6717811dbd0659c1ccb802dddfe428b48e972ab25aa067a48199007ed6d
Reproducibility/table_sources/mouse_exposure_matched_baseline_metrics.csv,236,81e69a3fd4612ed53153cfd09168ff8b6d410f17d664f76c18c12942e26035de
Reproducibility/table_sources/viscosity_matched_baseline_metrics.csv,391,56968bc77d77e0fa6c5a776b5114b14522fb906e7d896c7236171e33bd53ba7e
SensitivityAnalyses/DevelopmentOnlyFeatureSelection/mouse_exposure/00_source/mouse2.csv,3450,403cc4c8f9e2089377711f1849973de3b5e64c3136ed42600806a2c21f6eeb7d
SensitivityAnalyses/DevelopmentOnlyFeatureSelection/mouse_exposure/00_source/mouse2_row_mapping.csv,4922,1b187c1837df0e42050d0e8fa025865bf2fdd339624545d9deac1dd08faf438a
SensitivityAnalyses/DevelopmentOnlyFeatureSelection/mouse_exposure/LOCKED_RUN_RECORD.md,563,e0cb7f5aa2a9dd64b8cfebcb6276f3a36e50983ba3e013830fac488ea19b17af
SensitivityAnalyses/DevelopmentOnlyFeatureSelection/mouse_exposure/analysis_settings.json,779,ac49a62f2dce1696996ad1f0028e3383229cd53901f0f223467f8b5a6af5bcb8
SensitivityAnalyses/DevelopmentOnlyFeatureSelection/mouse_exposure/code/clearance_model.py,7446,9bd1867b237da8152f8099b403b2f80648e6bc47296cca5fd2b3e1a88780d845
SensitivityAnalyses/DevelopmentOnlyFeatureSelection/mouse_exposure/code/panel_A_B_parity_training_only_sensitivity.py,15715,82b1e1e36e1d2fd56c0570a390a2857ef730b504c0c19d69e3e8e7a7b08db5e5
SensitivityAnalyses/DevelopmentOnlyFeatureSelection/mouse_exposure/code/reproduce_training_only_preprocessing_and_selection.py,8350,afb38adca5fd3fa78ee8d601e8f5ab8ec91100176ba9d8d0289c48f7c097ab06
SensitivityAnalyses/DevelopmentOnlyFeatureSelection/mouse_exposure/data/test11_raw_untouched_selected4.csv,457,cfe7c8b788f7953ced8238c4b4ee5dd0d4dc72ccda352dbc8de7211f6733f13d
SensitivityAnalyses/DevelopmentOnlyFeatureSelection/mouse_exposure/data/train42_model_ready_selected4.csv,1892,7740beaede037576ef8494e40ab3875637282de809724122217c7c60335d7da1
SensitivityAnalyses/DevelopmentOnlyFeatureSelection/mouse_exposure/results/clearance_development_only_ranking_all9.csv,1083,e9622861a011c6ed7aca3a40ebbb69236d6f4cb639eb91da50d119104cbae9d9
SensitivityAnalyses/DevelopmentOnlyFeatureSelection/mouse_exposure/results/clearance_training_only_selected_mlp_panel3A_data.mat,1456,c18f72e9226557fdd0f07c9f7a762f60b79c1da67c5330551f8ede9fcce76551
SensitivityAnalyses/DevelopmentOnlyFeatureSelection/mouse_exposure/results/clearance_training_only_selected_mlp_predictions.csv,648,3b27cee9531f37bbcdf7839037514bae597731749cea5075a7f0ebb3e991c024
SensitivityAnalyses/DevelopmentOnlyFeatureSelection/mouse_exposure/results/clearance_training_only_selected_mlp_result_summary.csv,492,c93e021fd8460ba4393f8fb5085416dd3140e7abea22cedf42dbe6e001b42a8b
SensitivityAnalyses/DevelopmentOnlyFeatureSelection/viscosity/00_source/development52_candidates.csv,5005,ae9a429c16cce5a6f907b6b58bfdf538fcc910fb5ea894c1cfd6b0e62a701ee9
SensitivityAnalyses/DevelopmentOnlyFeatureSelection/viscosity/00_source/development_row_mapping.csv,1535,0bc863486232437787e00a14ae7c421780f5db624941b88a4c38f1be2003a917
SensitivityAnalyses/DevelopmentOnlyFeatureSelection/viscosity/SCREEN_METHOD.md,2807,7a621d2f5d7d440d10f0198931257cca2fcac77089e176bd11a4848fc8af8080
SensitivityAnalyses/DevelopmentOnlyFeatureSelection/viscosity/code/panel_A_D_parity_featureimp.py,13289,8fff9207bc0e60ebd83e44b54f7e9fdd6f0f699d11eb342b6a73e0ac2d27a4c3
SensitivityAnalyses/DevelopmentOnlyFeatureSelection/viscosity/code/reproduce_candidate_screen.py,12899,c530d49411fc26407c13dba3093a522fc36114ea912be659b8a6d52853fce983
SensitivityAnalyses/DevelopmentOnlyFeatureSelection/viscosity/code/viscosity_model.py,7446,9bd1867b237da8152f8099b403b2f80648e6bc47296cca5fd2b3e1a88780d845
SensitivityAnalyses/DevelopmentOnlyFeatureSelection/viscosity/data/DataS1_viscosity_seed0_test.csv,1144,070de14215eca4283f10a982f3aebf6a6714d7cdba9fd6153dc16e8f409dcafa
SensitivityAnalyses/DevelopmentOnlyFeatureSelection/viscosity/data/DataS1_viscosity_seed0_train.csv,2444,3b8a1abf549aa1d1cad8f0f834836e01adcc59aca9defc2d2833dd83888caa4a
SensitivityAnalyses/DevelopmentOnlyFeatureSelection/viscosity/data/antibodies_test.csv,826,ef592c01bffb2a28c8119d2adbfa33856638bc3bd1cd4b58b8a3b6198dd9aeb8
SensitivityAnalyses/DevelopmentOnlyFeatureSelection/viscosity/data/antibodies_train.csv,1697,e9975f9ec1a4202c7f8a77e7425f7225f3887b83d7745e0d7255934452f9a970
SensitivityAnalyses/DevelopmentOnlyFeatureSelection/viscosity/data/development_candidate_assays.csv,4968,0269ac20e1a9ace3b40787848f474121d4e8a123e2e29c1ff3f68804fd592696
SensitivityAnalyses/DevelopmentOnlyFeatureSelection/viscosity/reference/MLHealth_Viscosity_Development_Only_Univariate_Association.csv,1320,2dcd416c725aa8038d036a86c599f84ae1b309acbbafe1b955d9bc4b1c1cf013
SensitivityAnalyses/DevelopmentOnlyFeatureSelection/viscosity/reference/candidate_definition.csv,930,41301470aed440c08c0eb048f7168e7ee94a9d92a357f92f9ce7421d65e7458c
SensitivityAnalyses/DevelopmentOnlyFeatureSelection/viscosity/results/previous_rankings_reproduction_check.csv,874,8bc4927f6b6b6c8326574356fa9c5c0e61af7ddb347285725b198949426aa7cb
SensitivityAnalyses/DevelopmentOnlyFeatureSelection/viscosity/results/screen_summary.json,505,20ac9b13a5a76173f18b291804dffb113f57315cdc326d63ee016e7eae3b1066
SensitivityAnalyses/DevelopmentOnlyFeatureSelection/viscosity/results/viscosity_development_only_candidate_screen.csv,1433,51b3a7ad9c32238421f159954374a97cf3d2ab59343ac834999e58b0884a9fcd
SensitivityAnalyses/DevelopmentOnlyFeatureSelection/viscosity/results/viscosity_development_only_ranking.csv,1433,51b3a7ad9c32238421f159954374a97cf3d2ab59343ac834999e58b0884a9fcd
SensitivityAnalyses/DevelopmentOnlyFeatureSelection/viscosity/results/viscosity_training_only_result_summary.csv,197,0cda3a4ee65fc63538c41eb1218df43fe0c5146d295d759b21a9bbd1eb133d4c
SensitivityAnalyses/DevelopmentOnlyFeatureSelection/viscosity/settings/viscosity_screen_definition.json,2111,92d9b7bb837595f9221dcab52beda69209c41808f9ccd9d7a143ffce10ea1264
SensitivityAnalyses/ENVIRONMENT.md,1174,9b42e57bc7bc710f7ca005c0dbb276555e1acdcb29174d42ae487556195cd545
SensitivityAnalyses/METHODS.md,2431,1b296431380ed91e9d681148f6521db9cad966e6c483065f381de821c199d5bd
SensitivityAnalyses/README.md,3271,d8a8cfe3a34f9718ddf051976f8a9c3b944f813fe0d397593f74abf68c96cb1c
SensitivityAnalyses/TableSources/README_S15_VISCOSITY_SCOPE.md,548,fb2f9b7fe1435104f54a08374ee854229497b98627720c7c803972935054ccb0
SensitivityAnalyses/TableSources/Table_S15a_development_only_assay_rankings.csv,1677,82e792a15ed05bf1628ef87ad090f1967bbf0597ade96d46f0653a4291351cc6
SensitivityAnalyses/TableSources/Table_S15b_development_only_model_performance.csv,433,f3858e3e2948e1bd835e09d278da1fc2fd16c1551c6fc2b22c3f2d9320beb084
SensitivityAnalyses/TableSources/Table_S16_search_and_locked_settings.csv,1357,bd2422a50ffbec7889c8ea87ae52449f5fc5cabb9e3122f78d302aca7dc626d7
SensitivityAnalyses/TableSources/Table_S16a_viscosity_tuned_comparator_stress_test.csv,369,2a3cf94de3d883e8c6c022b9540223e5e29a709b13561ffaea4a00071b8c606f
SensitivityAnalyses/TableSources/Table_S16b_mouse_exposure_tuned_comparator_stress_test.csv,365,5872e6b84a3c9eb88c4dbe81787108dfc90f39cd3402660743ffbd593fd0ae1a
SensitivityAnalyses/TunedComparatorStressTest/data/DataS1_viscosity_seed0_test.csv,1144,070de14215eca4283f10a982f3aebf6a6714d7cdba9fd6153dc16e8f409dcafa
SensitivityAnalyses/TunedComparatorStressTest/data/DataS1_viscosity_seed0_train.csv,2444,3b8a1abf549aa1d1cad8f0f834836e01adcc59aca9defc2d2833dd83888caa4a
SensitivityAnalyses/TunedComparatorStressTest/data/DataS2_clearance_seed0_test.csv,555,cf94bf3e7958810eadbd35a9eeba69544be4779ebf4e9823799df53dc6436c79
SensitivityAnalyses/TunedComparatorStressTest/data/DataS2_clearance_seed0_train.csv,1989,dbbd793527b57dafaad14e4f583805a72acdd282d2d5c4e30e8d1994fbb3d1f6
SensitivityAnalyses/TunedComparatorStressTest/data/clearance_test.csv,405,cccd9408d7e85057de8ee2613e5f5f6d9f73f51293523bfffe55785684273a48
SensitivityAnalyses/TunedComparatorStressTest/data/clearance_train.csv,1425,82ea2ad74f57872f5a0ba38dbbbf36d198ae04ebc964cf5a3bc06f1d268668b3
SensitivityAnalyses/TunedComparatorStressTest/data/viscosity_test.csv,850,684d26a9f0d491cdf41c8c05213617fd696cdcaa0c4ba560c11524ebcb26d6e4
SensitivityAnalyses/TunedComparatorStressTest/data/viscosity_train.csv,1750,a6f95d5414910954b3dba4aa040b1afae2d2f2090cbafe3283df804b8ea88b41
SensitivityAnalyses/TunedComparatorStressTest/fold_cache/mouse_exposure__RandomForest__fold1.npz,4939,72905325a5d344d320d792633963a68c849d579304e55a18f2a6aff6a02e459a
SensitivityAnalyses/TunedComparatorStressTest/fold_cache/mouse_exposure__RandomForest__fold2.npz,4608,c21bdc0458ad142621e5f415ce1156bbb01d1b97ea63e2d3e3cd70633cc20573
SensitivityAnalyses/TunedComparatorStressTest/fold_cache/mouse_exposure__RandomForest__fold3.npz,4516,5f547e7fe9e37558c6c8630fe1a21daaa68282397e7306b440b061da804580a8
SensitivityAnalyses/TunedComparatorStressTest/fold_cache/mouse_exposure__RandomForest__fold4.npz,4783,aba5a2bdb3c7a755e6843f9d3c5bb3c1adfb8626b884b5708eab4116ac15fdb9
SensitivityAnalyses/TunedComparatorStressTest/fold_cache/mouse_exposure__RandomForest__fold5.npz,4739,32220a238a8af8498ccaef13e4adaff8654820b1c6c0c68cd459bc915de4828b
SensitivityAnalyses/TunedComparatorStressTest/fold_cache/mouse_exposure__Ridge__fold1.npz,4947,015d8ba48424a64a8c733e1af725e7e9563556803bcf08efa7244762e7717c5e
SensitivityAnalyses/TunedComparatorStressTest/fold_cache/mouse_exposure__Ridge__fold2.npz,4684,73be6143d92e8593bbd75c8bdd7d9089e970caace058c91fc7d33797bb5c7f6c
SensitivityAnalyses/TunedComparatorStressTest/fold_cache/mouse_exposure__Ridge__fold3.npz,4598,95833b11fc8625df7c129768ca7e3647e674eaf0078f952df9d2a880ae6ee442
SensitivityAnalyses/TunedComparatorStressTest/fold_cache/mouse_exposure__Ridge__fold4.npz,4765,8e5a39fe76eeb621e27e61255d78502e8f83ec404fcb9b2ca5aca09aea427aa3
SensitivityAnalyses/TunedComparatorStressTest/fold_cache/mouse_exposure__Ridge__fold5.npz,4652,0bdf5e6150eca7dd517ca973fb17eb911a4d43fb31178bea4fe7c24d151c7233
SensitivityAnalyses/TunedComparatorStressTest/fold_cache/mouse_exposure__SVR__fold1.npz,4924,ac0b1e2c8362e663cce9d12c6278efbc1b963d1e4679fdecee5db5d49615191b
SensitivityAnalyses/TunedComparatorStressTest/fold_cache/mouse_exposure__SVR__fold2.npz,4713,fd02e35e04b0f95ae95e55726b1df261e544b55f60f4958ec9cdb6c97480733b
SensitivityAnalyses/TunedComparatorStressTest/fold_cache/mouse_exposure__SVR__fold3.npz,4509,97d56a83262b631c3c84048997621d802539f8d1a0a40683baeb889d83612247
SensitivityAnalyses/TunedComparatorStressTest/fold_cache/mouse_exposure__SVR__fold4.npz,4706,7a9c579afe2fda2fbcc865e64753209abb5554a2efc20a1beb76f776b6fe7694
SensitivityAnalyses/TunedComparatorStressTest/fold_cache/mouse_exposure__SVR__fold5.npz,4634,4552d3426770581be7616681601eb10086466d3d857b3a76702a37f5afc147a4
SensitivityAnalyses/TunedComparatorStressTest/fold_cache/viscosity__RandomForest__fold1.npz,2870,6968fa73aae60f3c34d2da95f1dad721538fdc52fb28a8f4af36382d46608843
SensitivityAnalyses/TunedComparatorStressTest/fold_cache/viscosity__RandomForest__fold2.npz,2939,5ecfca3a1db54ef2aa9b2eab624813e5835271e7d4726629841787d90e51eeb1
SensitivityAnalyses/TunedComparatorStressTest/fold_cache/viscosity__RandomForest__fold3.npz,3096,a142c1132ae6c46be4677c62ee31356cef9a76b23a998f42b5d19d4c860cdfdb
SensitivityAnalyses/TunedComparatorStressTest/fold_cache/viscosity__RandomForest__fold4.npz,3187,a121bcec1069306563401a0f0c9aa32a38e5668a563c90a3b804978744a50527
SensitivityAnalyses/TunedComparatorStressTest/fold_cache/viscosity__RandomForest__fold5.npz,2968,409ccfd9fa2c78785e6ec93e9fee3146fe621a372b0ed2a298ff0184ea9aeeba
SensitivityAnalyses/TunedComparatorStressTest/fold_cache/viscosity__Ridge__fold1.npz,2870,6968fa73aae60f3c34d2da95f1dad721538fdc52fb28a8f4af36382d46608843
SensitivityAnalyses/TunedComparatorStressTest/fold_cache/viscosity__Ridge__fold2.npz,2939,f22dbea2cab086c6893eba865ede42ee1783194998d55252b9501eafa281d323
SensitivityAnalyses/TunedComparatorStressTest/fold_cache/viscosity__Ridge__fold3.npz,3124,c08cd977c184ec7bc43f285e5a628408f6e567153613af8ecba09fbe0e5108ee
SensitivityAnalyses/TunedComparatorStressTest/fold_cache/viscosity__Ridge__fold4.npz,3209,0d232b812d724ca9445a28e25558104b5c25821a4c7436544f0da0827a645bc1
SensitivityAnalyses/TunedComparatorStressTest/fold_cache/viscosity__Ridge__fold5.npz,2949,0e67b36b14bcf49e0794f125332576868e842860ad118234c59e7bfbe12f742c
SensitivityAnalyses/TunedComparatorStressTest/fold_cache/viscosity__SVR__fold1.npz,2870,6968fa73aae60f3c34d2da95f1dad721538fdc52fb28a8f4af36382d46608843
SensitivityAnalyses/TunedComparatorStressTest/fold_cache/viscosity__SVR__fold2.npz,2939,d533fbc0ffc6a7f04620d32ea5bbf82f5db03677ad477315604f50e41673a8b1
SensitivityAnalyses/TunedComparatorStressTest/fold_cache/viscosity__SVR__fold3.npz,3099,8958ef1c1fef773ca9329deb9396ecd93b1784d740157e3ffd6c88e25629cda5
SensitivityAnalyses/TunedComparatorStressTest/fold_cache/viscosity__SVR__fold4.npz,3191,3f3b3d341bb2fff75d103e238f9b38500f01eb689a496e47548d8db487def57a
SensitivityAnalyses/TunedComparatorStressTest/fold_cache/viscosity__SVR__fold5.npz,2980,a12f64fb7400eee4107b91bf80060874e57c9e032a9b5eca2c843772a3349819
SensitivityAnalyses/TunedComparatorStressTest/results/FIXED_CONTROL_REPRODUCTION.csv,952,58893b1f4c6dd53d113e9cdb3d1b29777db8c48cc20431215b25af4240790d81
SensitivityAnalyses/TunedComparatorStressTest/results/FIXED_VS_TUNED_VS_ACET_COMPARISON.csv,1445,bc3e0901b6f5169a907e1361e9fe561048d6d879f06dc887863b4d5a37cbd526
SensitivityAnalyses/TunedComparatorStressTest/results/OPTIMIZED_COMPARATOR_CV_METRICS.csv,3888,67220018d5607a94b60d6d49597b9f6dfc9f1c2693caa79ff134ac1f5908a586
SensitivityAnalyses/TunedComparatorStressTest/results/OPTIMIZED_COMPARATOR_HELDOUT_METRICS.csv,775,6ef07aa586ea225dd17f46da51937f452107b03e0d4e2e67edf07bf0c3262377
SensitivityAnalyses/TunedComparatorStressTest/results/OPTIMIZED_COMPARATOR_HELDOUT_PREDICTIONS.csv,7582,b38f9ab821096884f3552049d55136c23b741a06bd8bf592906aadadcd28133b
SensitivityAnalyses/TunedComparatorStressTest/results/RESULTS_SUMMARY.md,1149,caf8a27ecd195b3ed502b089196ef30094de3b0a1d9d560a4a8a9005270bc32a
SensitivityAnalyses/TunedComparatorStressTest/run_optimized_comparator_stress_test.py,21161,625143e54d43465c97446934891bd633c2f73e70da8faf2f04aa52595842f7b9
SensitivityAnalyses/TunedComparatorStressTest/search/ALL_HYPERPARAMETER_TRIALS.csv,1107945,e2f5efdb7e820fc0edf11990a250fe6fd73cd1abbd6df6e74992152e6887e8cc
SensitivityAnalyses/TunedComparatorStressTest/search/FOLD_CACHE_MANIFEST.csv,4275,d3aca43dfef0381fe6da63849dda446a2dd46605adf8eab5011ea91b20348645
SensitivityAnalyses/TunedComparatorStressTest/search/SEARCH_PROTOCOL.md,1117,7d1682ba6b3f18cefd9716155896c01fc4b007e7a5d1ad345f5cd83f26908bcb
SensitivityAnalyses/TunedComparatorStressTest/settings/LOCKED_HYPERPARAMETERS.json,3276,b2ea79c81537aeb36ae335a4d3d4c1495bf2bf6dc7c6aa4520615d870062bc76
SensitivityAnalyses/TunedComparatorStressTest/settings/LOCKED_HYPERPARAMETERS.sha256,95,a36570664c9c5e2fb62d8c7840aa1108cb6fcbf02ed415a57d1d7c820108739b
SensitivityAnalyses/Verify-Sensitivity.ps1,430,ccc2feb182812495415820b58f71c4129b786ea22819a6c49ae544d75d5aa096
SensitivityAnalyses/run_acet.py,2846,1836e65fa72af8ed62a67cf1933ca705e2651d937243a4c8c7b3b96cfb85a765
SensitivityAnalyses/verify_sensitivity.py,7111,e6809d542abe60af0811caf503df865e4973ffcbf244a6c36d6ad97d7cba77fd
acet.py,10378,81e3f9aa379f10addd3be459902fe4f913b652e16e9d2721b24f7d4fe171803f
requirements-demo.txt,93,436d114cf3b41623d387c2f6728371b9cb22dfd019de2a1a0db3a966cb61f2c1
requirements-training.txt,414,59faa6717811dbd0659c1ccb802dddfe428b48e972ab25aa067a48199007ed6d
requirements.txt,376,e70ea633697fbbed307841013bba0227c8ad779967767f264bfc932153aefec5
run.ps1,162,2eb6efa809cfb78aff4991b6176d380794681ca4e4937b8bacf6aa49323bbc41
run.sh,164,f61d4d90e71a694d266942f02ff404911eab3a25856ede4e40c295b2a12f79ce
tools/export_table_sources.py,6799,cedeb683a4821d9390054405d1d4cffa870bf9b9b9d984d1c95d33f470cc00b6
tools/run_training.py,8954,a723fc7fd7115812860253bb1d1d618941a61c7dd9db19d0fbfc4dc590b92ea0
tools/update_manifest.py,2102,7048dee632693c247e5019b3dc8686538ffe5512c9b1ee392745f1327a053f70
verify_release.py,13857,a637bdc627fbaf956e8b20defc4f219f7e70061ec939d55757c540741248e13f
