source_log,head,fold,epoch,max_epochs,loss,val_loss,lr
primary_mouse_exposure_training_record,spline,1,1,1000,0.1919,0.1285,0.001
primary_mouse_exposure_training_record,spline,1,2,1000,0.1442,0.1501,0.001
primary_mouse_exposure_training_record,spline,1,3,1000,0.138,0.1227,0.001
primary_mouse_exposure_training_record,spline,1,4,1000,0.1286,0.1268,0.001
primary_mouse_exposure_training_record,spline,1,5,1000,0.1218,0.1225,0.001
primary_mouse_exposure_training_record,spline,1,6,1000,0.1178,0.1123,0.001
primary_mouse_exposure_training_record,spline,1,7,1000,0.1144,0.1176,0.001
primary_mouse_exposure_training_record,spline,1,8,1000,0.1116,0.1114,0.001
primary_mouse_exposure_training_record,spline,1,9,1000,0.1088,0.1115,0.001
primary_mouse_exposure_training_record,spline,1,10,1000,0.1072,0.1067,0.001
primary_mouse_exposure_training_record,spline,1,11,1000,0.1057,0.1053,0.001
primary_mouse_exposure_training_record,spline,1,12,1000,0.1035,0.1016,0.001
primary_mouse_exposure_training_record,spline,1,13,1000,0.1012,0.1055,0.001
primary_mouse_exposure_training_record,spline,1,14,1000,0.0997,0.1007,0.001
primary_mouse_exposure_training_record,spline,1,15,1000,0.0988,0.0986,0.001
primary_mouse_exposure_training_record,spline,1,16,1000,0.0968,0.0968,0.001
primary_mouse_exposure_training_record,spline,1,17,1000,0.0964,0.0979,0.001
primary_mouse_exposure_training_record,spline,1,18,1000,0.0955,0.0953,0.001
primary_mouse_exposure_training_record,spline,1,19,1000,0.0934,0.0912,0.001
primary_mouse_exposure_training_record,spline,1,20,1000,0.0918,0.1002,0.001
primary_mouse_exposure_training_record,spline,1,21,1000,0.0906,0.0926,0.001
primary_mouse_exposure_training_record,spline,1,22,1000,0.091,0.0913,0.001
primary_mouse_exposure_training_record,spline,1,23,1000,0.0885,0.0984,0.001
primary_mouse_exposure_training_record,spline,1,24,1000,0.0893,0.0877,0.001
primary_mouse_exposure_training_record,spline,1,25,1000,0.0878,0.0889,0.001
primary_mouse_exposure_training_record,spline,1,26,1000,0.0885,0.0915,0.001
primary_mouse_exposure_training_record,spline,1,27,1000,0.0842,0.0875,0.001
primary_mouse_exposure_training_record,spline,1,28,1000,0.0842,0.0884,0.001
primary_mouse_exposure_training_record,spline,1,29,1000,0.0841,0.0869,0.001
primary_mouse_exposure_training_record,spline,1,30,1000,0.0821,0.0852,0.001
primary_mouse_exposure_training_record,spline,1,31,1000,0.0809,0.084,0.001
primary_mouse_exposure_training_record,spline,1,32,1000,0.0807,0.0833,0.001
primary_mouse_exposure_training_record,spline,1,33,1000,0.0797,0.0824,0.001
primary_mouse_exposure_training_record,spline,1,34,1000,0.0807,0.0833,0.001
primary_mouse_exposure_training_record,spline,1,35,1000,0.0781,0.0824,0.001
primary_mouse_exposure_training_record,spline,1,36,1000,0.0776,0.0823,0.001
primary_mouse_exposure_training_record,spline,1,37,1000,0.0777,0.081,0.001
primary_mouse_exposure_training_record,spline,1,38,1000,0.0767,0.0811,0.001
primary_mouse_exposure_training_record,spline,1,39,1000,0.0759,0.0798,0.001
primary_mouse_exposure_training_record,spline,1,40,1000,0.0761,0.0784,0.001
primary_mouse_exposure_training_record,spline,1,41,1000,0.0763,0.08,0.001
primary_mouse_exposure_training_record,spline,1,42,1000,0.08,0.0771,0.001
primary_mouse_exposure_training_record,spline,1,43,1000,0.0782,0.0735,0.001
primary_mouse_exposure_training_record,spline,1,44,1000,0.0759,0.0811,0.001
primary_mouse_exposure_training_record,spline,1,45,1000,0.0742,0.0744,0.001
primary_mouse_exposure_training_record,spline,1,46,1000,0.075,0.0775,0.001
primary_mouse_exposure_training_record,spline,1,47,1000,0.0729,0.079,0.001
primary_mouse_exposure_training_record,spline,1,48,1000,0.0727,0.077,0.001
primary_mouse_exposure_training_record,spline,1,49,1000,0.0735,0.0741,0.001
primary_mouse_exposure_training_record,spline,1,50,1000,0.0705,0.0736,0.001
primary_mouse_exposure_training_record,spline,1,51,1000,0.0708,0.0753,0.001
primary_mouse_exposure_training_record,spline,1,52,1000,0.0694,0.073,0.001
primary_mouse_exposure_training_record,spline,1,53,1000,0.0693,0.0749,0.001
primary_mouse_exposure_training_record,spline,1,54,1000,0.0707,0.0725,0.001
primary_mouse_exposure_training_record,spline,1,55,1000,0.0707,0.072,0.001
primary_mouse_exposure_training_record,spline,1,56,1000,0.0686,0.0742,0.001
primary_mouse_exposure_training_record,spline,1,57,1000,0.0687,0.0701,0.001
primary_mouse_exposure_training_record,spline,1,58,1000,0.067,0.0735,0.001
primary_mouse_exposure_training_record,spline,1,59,1000,0.0669,0.0708,0.001
primary_mouse_exposure_training_record,spline,1,60,1000,0.0661,0.0758,0.001
primary_mouse_exposure_training_record,spline,1,61,1000,0.0682,0.0701,0.001
primary_mouse_exposure_training_record,spline,1,62,1000,0.0673,0.073,0.001
primary_mouse_exposure_training_record,spline,1,63,1000,0.0659,0.0674,0.001
primary_mouse_exposure_training_record,spline,1,64,1000,0.0673,0.0696,0.001
primary_mouse_exposure_training_record,spline,1,65,1000,0.0666,0.068,0.001
primary_mouse_exposure_training_record,spline,1,66,1000,0.0658,0.0672,0.001
primary_mouse_exposure_training_record,spline,1,67,1000,0.0646,0.0696,0.001
primary_mouse_exposure_training_record,spline,1,68,1000,0.0655,0.0687,0.001
primary_mouse_exposure_training_record,spline,1,69,1000,0.0644,0.0689,0.001
primary_mouse_exposure_training_record,spline,1,70,1000,0.064,0.0672,0.001
primary_mouse_exposure_training_record,spline,1,71,1000,0.0658,0.0662,0.001
primary_mouse_exposure_training_record,spline,1,72,1000,0.0683,0.0652,0.001
primary_mouse_exposure_training_record,spline,1,73,1000,0.0677,0.0699,0.001
primary_mouse_exposure_training_record,spline,1,74,1000,0.0629,0.066,0.001
primary_mouse_exposure_training_record,spline,1,75,1000,0.0638,0.0693,0.001
primary_mouse_exposure_training_record,spline,1,76,1000,0.0635,0.0644,0.001
primary_mouse_exposure_training_record,spline,1,77,1000,0.0621,0.065,0.001
primary_mouse_exposure_training_record,spline,1,78,1000,0.0606,0.0665,0.001
primary_mouse_exposure_training_record,spline,1,79,1000,0.0607,0.0656,0.001
primary_mouse_exposure_training_record,spline,1,80,1000,0.0605,0.0675,0.001
primary_mouse_exposure_training_record,spline,1,81,1000,0.0615,0.0631,0.001
primary_mouse_exposure_training_record,spline,1,82,1000,0.0604,0.0617,0.001
primary_mouse_exposure_training_record,spline,1,83,1000,0.0604,0.0646,0.001
primary_mouse_exposure_training_record,spline,1,84,1000,0.0593,0.0629,0.001
primary_mouse_exposure_training_record,spline,1,85,1000,0.059,0.0642,0.001
primary_mouse_exposure_training_record,spline,1,86,1000,0.0581,0.0618,0.001
primary_mouse_exposure_training_record,spline,1,87,1000,0.058,0.063,0.001
primary_mouse_exposure_training_record,spline,1,88,1000,0.0582,0.062,0.001
primary_mouse_exposure_training_record,spline,1,89,1000,0.0592,0.0616,0.001
primary_mouse_exposure_training_record,spline,1,90,1000,0.0578,0.0622,0.001
primary_mouse_exposure_training_record,spline,1,91,1000,0.0589,0.0642,0.001
primary_mouse_exposure_training_record,spline,1,92,1000,0.0579,0.0641,0.001
primary_mouse_exposure_training_record,spline,1,93,1000,0.0597,0.0627,0.0005
primary_mouse_exposure_training_record,spline,1,94,1000,0.0562,0.0593,0.0005
primary_mouse_exposure_training_record,spline,1,95,1000,0.057,0.0604,0.0005
primary_mouse_exposure_training_record,spline,1,96,1000,0.0555,0.0641,0.0005
primary_mouse_exposure_training_record,spline,1,97,1000,0.0565,0.0601,0.0005
primary_mouse_exposure_training_record,spline,1,98,1000,0.0553,0.0594,0.0005
primary_mouse_exposure_training_record,spline,1,99,1000,0.0554,0.0597,0.0005
primary_mouse_exposure_training_record,spline,1,100,1000,0.0551,0.0594,0.0005
primary_mouse_exposure_training_record,spline,1,101,1000,0.0548,0.0586,0.0005
primary_mouse_exposure_training_record,spline,1,102,1000,0.0547,0.0596,0.0005
primary_mouse_exposure_training_record,spline,1,103,1000,0.0552,0.0613,0.0005
primary_mouse_exposure_training_record,spline,1,104,1000,0.0544,0.0591,0.0005
primary_mouse_exposure_training_record,spline,1,105,1000,0.0545,0.0597,0.0005
primary_mouse_exposure_training_record,spline,1,106,1000,0.0543,0.061,0.0005
primary_mouse_exposure_training_record,spline,1,107,1000,0.0539,0.0587,0.0005
primary_mouse_exposure_training_record,spline,1,108,1000,0.0544,0.0595,0.0005
primary_mouse_exposure_training_record,spline,1,109,1000,0.0539,0.0614,0.0005
primary_mouse_exposure_training_record,spline,1,110,1000,0.0535,0.0587,0.0005
primary_mouse_exposure_training_record,spline,1,111,1000,0.0534,0.0597,0.0005
primary_mouse_exposure_training_record,spline,1,112,1000,0.0531,0.0596,0.00025
primary_mouse_exposure_training_record,spline,1,113,1000,0.0532,0.0594,0.00025
primary_mouse_exposure_training_record,spline,1,114,1000,0.053,0.0594,0.00025
primary_mouse_exposure_training_record,spline,1,115,1000,0.053,0.06,0.00025
primary_mouse_exposure_training_record,spline,1,116,1000,0.053,0.0586,0.00025
primary_mouse_exposure_training_record,spline,1,117,1000,0.0528,0.0585,0.00025
primary_mouse_exposure_training_record,spline,1,118,1000,0.0528,0.0593,0.00025
primary_mouse_exposure_training_record,spline,1,119,1000,0.0526,0.0588,0.00025
primary_mouse_exposure_training_record,spline,1,120,1000,0.0526,0.058,0.00025
primary_mouse_exposure_training_record,spline,1,121,1000,0.0523,0.0585,0.00025
primary_mouse_exposure_training_record,spline,1,122,1000,0.0523,0.0586,0.00025
primary_mouse_exposure_training_record,spline,1,123,1000,0.0523,0.0585,0.00025
primary_mouse_exposure_training_record,spline,1,124,1000,0.0523,0.0576,0.00025
primary_mouse_exposure_training_record,spline,1,125,1000,0.0521,0.0589,0.00025
primary_mouse_exposure_training_record,spline,1,126,1000,0.0523,0.0586,0.00025
primary_mouse_exposure_training_record,spline,1,127,1000,0.052,0.057,0.00025
primary_mouse_exposure_training_record,spline,1,128,1000,0.0521,0.0585,0.00025
primary_mouse_exposure_training_record,spline,1,129,1000,0.0522,0.0586,0.00025
primary_mouse_exposure_training_record,spline,1,130,1000,0.0518,0.0573,0.00025
primary_mouse_exposure_training_record,spline,1,131,1000,0.0518,0.0583,0.00025
primary_mouse_exposure_training_record,spline,1,132,1000,0.0518,0.06,0.00025
primary_mouse_exposure_training_record,spline,1,133,1000,0.0517,0.0581,0.00025
primary_mouse_exposure_training_record,spline,1,134,1000,0.0516,0.0579,0.00025
primary_mouse_exposure_training_record,spline,1,135,1000,0.0516,0.0582,0.00025
primary_mouse_exposure_training_record,spline,1,136,1000,0.0514,0.0591,0.00025
primary_mouse_exposure_training_record,spline,1,137,1000,0.0514,0.0581,0.00025
primary_mouse_exposure_training_record,spline,1,138,1000,0.0511,0.058,0.000125
primary_mouse_exposure_training_record,spline,1,139,1000,0.0511,0.0584,0.000125
primary_mouse_exposure_training_record,spline,1,140,1000,0.0511,0.0577,0.000125
primary_mouse_exposure_training_record,spline,1,141,1000,0.0512,0.0571,0.000125
primary_mouse_exposure_training_record,spline,1,142,1000,0.0511,0.0574,0.000125
primary_mouse_exposure_training_record,spline,1,143,1000,0.0509,0.057,0.000125
primary_mouse_exposure_training_record,spline,1,144,1000,0.0509,0.0575,0.000125
primary_mouse_exposure_training_record,spline,1,145,1000,0.0509,0.0575,0.000125
primary_mouse_exposure_training_record,spline,1,146,1000,0.0508,0.0574,0.000125
primary_mouse_exposure_training_record,spline,1,147,1000,0.0508,0.0572,0.000125
primary_mouse_exposure_training_record,spline,1,148,1000,0.0507,0.0573,6.25e-05
primary_mouse_exposure_training_record,spline,1,149,1000,0.0507,0.0572,6.25e-05
primary_mouse_exposure_training_record,spline,1,150,1000,0.0506,0.0571,6.25e-05
primary_mouse_exposure_training_record,spline,1,151,1000,0.0506,0.0572,6.25e-05
primary_mouse_exposure_training_record,spline,1,152,1000,0.0506,0.0573,6.25e-05
primary_mouse_exposure_training_record,spline,1,153,1000,0.0506,0.057,6.25e-05
primary_mouse_exposure_training_record,spline,1,154,1000,0.0506,0.0572,6.25e-05
primary_mouse_exposure_training_record,spline,1,155,1000,0.0506,0.0571,6.25e-05
primary_mouse_exposure_training_record,spline,1,156,1000,0.0506,0.0576,6.25e-05
primary_mouse_exposure_training_record,spline,1,157,1000,0.0506,0.0574,6.25e-05
primary_mouse_exposure_training_record,spline,1,158,1000,0.0505,0.0571,3.125e-05
primary_mouse_exposure_training_record,spline,1,159,1000,0.0505,0.057,3.125e-05
primary_mouse_exposure_training_record,spline,1,160,1000,0.0505,0.057,3.125e-05
primary_mouse_exposure_training_record,spline,1,161,1000,0.0505,0.057,3.125e-05
primary_mouse_exposure_training_record,spline,1,162,1000,0.0504,0.0571,3.125e-05
primary_mouse_exposure_training_record,spline,1,163,1000,0.0504,0.0571,3.125e-05
primary_mouse_exposure_training_record,spline,1,164,1000,0.0504,0.0573,3.125e-05
primary_mouse_exposure_training_record,spline,1,165,1000,0.0504,0.0575,3.125e-05
primary_mouse_exposure_training_record,spline,1,166,1000,0.0504,0.0573,3.125e-05
primary_mouse_exposure_training_record,spline,1,167,1000,0.0504,0.0572,3.125e-05
primary_mouse_exposure_training_record,spline,1,168,1000,0.0504,0.0571,1.5625e-05
primary_mouse_exposure_training_record,spline,1,169,1000,0.0504,0.0571,1.5625e-05
primary_mouse_exposure_training_record,spline,1,170,1000,0.0504,0.057,1.5625e-05
primary_mouse_exposure_training_record,spline,1,171,1000,0.0504,0.057,1.5625e-05
primary_mouse_exposure_training_record,spline,1,172,1000,0.0504,0.057,1.5625e-05
primary_mouse_exposure_training_record,spline,1,173,1000,0.0504,0.0569,1.5625e-05
primary_mouse_exposure_training_record,spline,1,174,1000,0.0503,0.057,1.5625e-05
primary_mouse_exposure_training_record,spline,1,175,1000,0.0503,0.057,1.5625e-05
primary_mouse_exposure_training_record,spline,1,176,1000,0.0503,0.057,1.5625e-05
primary_mouse_exposure_training_record,spline,1,177,1000,0.0503,0.057,1.5625e-05
primary_mouse_exposure_training_record,spline,1,178,1000,0.0503,0.0571,7.8125e-06
primary_mouse_exposure_training_record,spline,1,179,1000,0.0503,0.0571,7.8125e-06
primary_mouse_exposure_training_record,spline,1,180,1000,0.0503,0.0572,7.8125e-06
primary_mouse_exposure_training_record,spline,1,181,1000,0.0503,0.0572,7.8125e-06
primary_mouse_exposure_training_record,spline,1,182,1000,0.0503,0.0572,7.8125e-06
primary_mouse_exposure_training_record,spline,1,183,1000,0.0503,0.0571,7.8125e-06
primary_mouse_exposure_training_record,spline,1,184,1000,0.0503,0.0571,7.8125e-06
primary_mouse_exposure_training_record,spline,1,185,1000,0.0503,0.0571,7.8125e-06
primary_mouse_exposure_training_record,spline,1,186,1000,0.0503,0.0571,7.8125e-06
primary_mouse_exposure_training_record,spline,1,187,1000,0.0503,0.0571,7.8125e-06
primary_mouse_exposure_training_record,spline,1,188,1000,0.0503,0.0571,3.9063e-06
primary_mouse_exposure_training_record,spline,1,189,1000,0.0503,0.0571,3.9063e-06
primary_mouse_exposure_training_record,spline,1,190,1000,0.0503,0.0571,3.9063e-06
primary_mouse_exposure_training_record,spline,1,191,1000,0.0503,0.0571,3.9063e-06
primary_mouse_exposure_training_record,spline,1,192,1000,0.0503,0.0571,3.9063e-06
primary_mouse_exposure_training_record,spline,1,193,1000,0.0503,0.0571,3.9063e-06
primary_mouse_exposure_training_record,spline,2,1,1000,0.6596,0.4992,0.001
primary_mouse_exposure_training_record,spline,2,2,1000,0.4352,0.1677,0.001
primary_mouse_exposure_training_record,spline,2,3,1000,0.1999,0.2246,0.001
primary_mouse_exposure_training_record,spline,2,4,1000,0.1749,0.1292,0.001
primary_mouse_exposure_training_record,spline,2,5,1000,0.1378,0.1372,0.001
primary_mouse_exposure_training_record,spline,2,6,1000,0.1332,0.1172,0.001
primary_mouse_exposure_training_record,spline,2,7,1000,0.1202,0.1225,0.001
primary_mouse_exposure_training_record,spline,2,8,1000,0.121,0.1164,0.001
primary_mouse_exposure_training_record,spline,2,9,1000,0.1137,0.1147,0.001
primary_mouse_exposure_training_record,spline,2,10,1000,0.1118,0.1142,0.001
primary_mouse_exposure_training_record,spline,2,11,1000,0.1088,0.1121,0.001
primary_mouse_exposure_training_record,spline,2,12,1000,0.1069,0.1085,0.001
primary_mouse_exposure_training_record,spline,2,13,1000,0.1061,0.1068,0.001
primary_mouse_exposure_training_record,spline,2,14,1000,0.1034,0.1081,0.001
primary_mouse_exposure_training_record,spline,2,15,1000,0.103,0.1066,0.001
primary_mouse_exposure_training_record,spline,2,16,1000,0.1012,0.1043,0.001
primary_mouse_exposure_training_record,spline,2,17,1000,0.1012,0.1038,0.001
primary_mouse_exposure_training_record,spline,2,18,1000,0.0997,0.1041,0.001
primary_mouse_exposure_training_record,spline,2,19,1000,0.0984,0.1018,0.001
primary_mouse_exposure_training_record,spline,2,20,1000,0.0976,0.0994,0.001
primary_mouse_exposure_training_record,spline,2,21,1000,0.0963,0.0984,0.001
primary_mouse_exposure_training_record,spline,2,22,1000,0.0962,0.0974,0.001
primary_mouse_exposure_training_record,spline,2,23,1000,0.0943,0.0974,0.001
primary_mouse_exposure_training_record,spline,2,24,1000,0.0944,0.0975,0.001
primary_mouse_exposure_training_record,spline,2,25,1000,0.0933,0.0959,0.001
primary_mouse_exposure_training_record,spline,2,26,1000,0.0928,0.0988,0.001
primary_mouse_exposure_training_record,spline,2,27,1000,0.0927,0.0949,0.001
primary_mouse_exposure_training_record,spline,2,28,1000,0.0934,0.0933,0.001
primary_mouse_exposure_training_record,spline,2,29,1000,0.0916,0.0933,0.001
primary_mouse_exposure_training_record,spline,2,30,1000,0.0902,0.0918,0.001
primary_mouse_exposure_training_record,spline,2,31,1000,0.0902,0.0926,0.001
primary_mouse_exposure_training_record,spline,2,32,1000,0.0892,0.0948,0.001
primary_mouse_exposure_training_record,spline,2,33,1000,0.0898,0.0899,0.001
primary_mouse_exposure_training_record,spline,2,34,1000,0.088,0.089,0.001
primary_mouse_exposure_training_record,spline,2,35,1000,0.0894,0.0903,0.001
primary_mouse_exposure_training_record,spline,2,36,1000,0.0872,0.089,0.001
primary_mouse_exposure_training_record,spline,2,37,1000,0.0867,0.0882,0.001
primary_mouse_exposure_training_record,spline,2,38,1000,0.0874,0.0882,0.001
primary_mouse_exposure_training_record,spline,2,39,1000,0.0859,0.0921,0.001
primary_mouse_exposure_training_record,spline,2,40,1000,0.0851,0.0874,0.001
primary_mouse_exposure_training_record,spline,2,41,1000,0.0854,0.0866,0.001
primary_mouse_exposure_training_record,spline,2,42,1000,0.0892,0.0861,0.001
primary_mouse_exposure_training_record,spline,2,43,1000,0.0843,0.0959,0.001
primary_mouse_exposure_training_record,spline,2,44,1000,0.0863,0.0896,0.001
primary_mouse_exposure_training_record,spline,2,45,1000,0.0845,0.0863,0.001
primary_mouse_exposure_training_record,spline,2,46,1000,0.085,0.0841,0.001
primary_mouse_exposure_training_record,spline,2,47,1000,0.083,0.084,0.001
primary_mouse_exposure_training_record,spline,2,48,1000,0.0823,0.0848,0.001
primary_mouse_exposure_training_record,spline,2,49,1000,0.0815,0.086,0.001
primary_mouse_exposure_training_record,spline,2,50,1000,0.0817,0.0842,0.001
primary_mouse_exposure_training_record,spline,2,51,1000,0.0811,0.0832,0.001
primary_mouse_exposure_training_record,spline,2,52,1000,0.0806,0.0825,0.001
primary_mouse_exposure_training_record,spline,2,53,1000,0.0801,0.0836,0.001
primary_mouse_exposure_training_record,spline,2,54,1000,0.0806,0.0821,0.001
primary_mouse_exposure_training_record,spline,2,55,1000,0.0806,0.0813,0.001
primary_mouse_exposure_training_record,spline,2,56,1000,0.0805,0.0855,0.001
primary_mouse_exposure_training_record,spline,2,57,1000,0.08,0.0841,0.001
primary_mouse_exposure_training_record,spline,2,58,1000,0.0805,0.0815,0.001
primary_mouse_exposure_training_record,spline,2,59,1000,0.0798,0.0817,0.001
primary_mouse_exposure_training_record,spline,2,60,1000,0.0786,0.079,0.001
primary_mouse_exposure_training_record,spline,2,61,1000,0.0802,0.0798,0.001
primary_mouse_exposure_training_record,spline,2,62,1000,0.0789,0.0796,0.001
primary_mouse_exposure_training_record,spline,2,63,1000,0.0786,0.0814,0.001
primary_mouse_exposure_training_record,spline,2,64,1000,0.0788,0.0793,0.001
primary_mouse_exposure_training_record,spline,2,65,1000,0.0795,0.0788,0.001
primary_mouse_exposure_training_record,spline,2,66,1000,0.0779,0.083,0.001
primary_mouse_exposure_training_record,spline,2,67,1000,0.0787,0.0814,0.001
primary_mouse_exposure_training_record,spline,2,68,1000,0.0766,0.0776,0.001
primary_mouse_exposure_training_record,spline,2,69,1000,0.0763,0.0789,0.001
primary_mouse_exposure_training_record,spline,2,70,1000,0.0784,0.0782,0.001
primary_mouse_exposure_training_record,spline,2,71,1000,0.0761,0.0768,0.001
primary_mouse_exposure_training_record,spline,2,72,1000,0.0762,0.0792,0.001
primary_mouse_exposure_training_record,spline,2,73,1000,0.0758,0.0791,0.001
primary_mouse_exposure_training_record,spline,2,74,1000,0.0753,0.0772,0.001
primary_mouse_exposure_training_record,spline,2,75,1000,0.0762,0.0792,0.001
primary_mouse_exposure_training_record,spline,2,76,1000,0.074,0.0757,0.001
primary_mouse_exposure_training_record,spline,2,77,1000,0.0763,0.0771,0.001
primary_mouse_exposure_training_record,spline,2,78,1000,0.0773,0.0818,0.001
primary_mouse_exposure_training_record,spline,2,79,1000,0.0758,0.0779,0.001
primary_mouse_exposure_training_record,spline,2,80,1000,0.0746,0.0784,0.001
primary_mouse_exposure_training_record,spline,2,81,1000,0.0734,0.0744,0.001
primary_mouse_exposure_training_record,spline,2,82,1000,0.0733,0.0752,0.001
primary_mouse_exposure_training_record,spline,2,83,1000,0.0727,0.0764,0.001
primary_mouse_exposure_training_record,spline,2,84,1000,0.0721,0.076,0.001
primary_mouse_exposure_training_record,spline,2,85,1000,0.0718,0.0744,0.001
primary_mouse_exposure_training_record,spline,2,86,1000,0.0719,0.0734,0.001
primary_mouse_exposure_training_record,spline,2,87,1000,0.0718,0.0744,0.001
primary_mouse_exposure_training_record,spline,2,88,1000,0.0724,0.0778,0.001
primary_mouse_exposure_training_record,spline,2,89,1000,0.0715,0.0747,0.001
primary_mouse_exposure_training_record,spline,2,90,1000,0.072,0.0739,0.001
primary_mouse_exposure_training_record,spline,2,91,1000,0.0715,0.074,0.001
primary_mouse_exposure_training_record,spline,2,92,1000,0.0707,0.0727,0.001
primary_mouse_exposure_training_record,spline,2,93,1000,0.0704,0.0747,0.001
primary_mouse_exposure_training_record,spline,2,94,1000,0.0714,0.0724,0.001
primary_mouse_exposure_training_record,spline,2,95,1000,0.0712,0.0702,0.001
primary_mouse_exposure_training_record,spline,2,96,1000,0.0716,0.078,0.001
primary_mouse_exposure_training_record,spline,2,97,1000,0.0715,0.0711,0.001
primary_mouse_exposure_training_record,spline,2,98,1000,0.0708,0.0702,0.001
primary_mouse_exposure_training_record,spline,2,99,1000,0.0695,0.0707,0.001
primary_mouse_exposure_training_record,spline,2,100,1000,0.0693,0.0718,0.001
primary_mouse_exposure_training_record,spline,2,101,1000,0.0685,0.0735,0.001
primary_mouse_exposure_training_record,spline,2,102,1000,0.0693,0.0699,0.001
primary_mouse_exposure_training_record,spline,2,103,1000,0.0695,0.0702,0.001
primary_mouse_exposure_training_record,spline,2,104,1000,0.069,0.0712,0.001
primary_mouse_exposure_training_record,spline,2,105,1000,0.0682,0.0685,0.001
primary_mouse_exposure_training_record,spline,2,106,1000,0.0677,0.0714,0.001
primary_mouse_exposure_training_record,spline,2,107,1000,0.0693,0.0716,0.001
primary_mouse_exposure_training_record,spline,2,108,1000,0.0674,0.0742,0.001
primary_mouse_exposure_training_record,spline,2,109,1000,0.069,0.0685,0.001
primary_mouse_exposure_training_record,spline,2,110,1000,0.0665,0.0681,0.001
primary_mouse_exposure_training_record,spline,2,111,1000,0.0667,0.0698,0.001
primary_mouse_exposure_training_record,spline,2,112,1000,0.0665,0.0709,0.001
primary_mouse_exposure_training_record,spline,2,113,1000,0.0664,0.068,0.001
primary_mouse_exposure_training_record,spline,2,114,1000,0.0669,0.0675,0.001
primary_mouse_exposure_training_record,spline,2,115,1000,0.0683,0.0692,0.001
primary_mouse_exposure_training_record,spline,2,116,1000,0.0666,0.0722,0.001
primary_mouse_exposure_training_record,spline,2,117,1000,0.0656,0.0695,0.001
primary_mouse_exposure_training_record,spline,2,118,1000,0.0657,0.0706,0.001
primary_mouse_exposure_training_record,spline,2,119,1000,0.066,0.0698,0.001
primary_mouse_exposure_training_record,spline,2,120,1000,0.0653,0.0672,0.001
primary_mouse_exposure_training_record,spline,2,121,1000,0.0645,0.0677,0.001
primary_mouse_exposure_training_record,spline,2,122,1000,0.0656,0.0669,0.001
primary_mouse_exposure_training_record,spline,2,123,1000,0.0653,0.0659,0.001
primary_mouse_exposure_training_record,spline,2,124,1000,0.0672,0.0671,0.001
primary_mouse_exposure_training_record,spline,2,125,1000,0.0671,0.067,0.001
primary_mouse_exposure_training_record,spline,2,126,1000,0.067,0.0732,0.001
primary_mouse_exposure_training_record,spline,2,127,1000,0.0646,0.0646,0.001
primary_mouse_exposure_training_record,spline,2,128,1000,0.0656,0.0663,0.001
primary_mouse_exposure_training_record,spline,2,129,1000,0.0638,0.0693,0.001
primary_mouse_exposure_training_record,spline,2,130,1000,0.063,0.0672,0.001
primary_mouse_exposure_training_record,spline,2,131,1000,0.0629,0.0684,0.001
primary_mouse_exposure_training_record,spline,2,132,1000,0.0628,0.065,0.001
primary_mouse_exposure_training_record,spline,2,133,1000,0.0624,0.0663,0.001
primary_mouse_exposure_training_record,spline,2,134,1000,0.0634,0.0667,0.001
primary_mouse_exposure_training_record,spline,2,135,1000,0.0616,0.0639,0.001
primary_mouse_exposure_training_record,spline,2,136,1000,0.0614,0.0643,0.001
primary_mouse_exposure_training_record,spline,2,137,1000,0.0614,0.064,0.001
primary_mouse_exposure_training_record,spline,2,138,1000,0.0624,0.0642,0.001
primary_mouse_exposure_training_record,spline,2,139,1000,0.0607,0.0682,0.001
primary_mouse_exposure_training_record,spline,2,140,1000,0.0637,0.0646,0.001
primary_mouse_exposure_training_record,spline,2,141,1000,0.065,0.0639,0.001
primary_mouse_exposure_training_record,spline,2,142,1000,0.0648,0.0682,0.001
primary_mouse_exposure_training_record,spline,2,143,1000,0.0608,0.0656,0.001
primary_mouse_exposure_training_record,spline,2,144,1000,0.0633,0.0688,0.001
primary_mouse_exposure_training_record,spline,2,145,1000,0.0619,0.0643,0.001
primary_mouse_exposure_training_record,spline,2,146,1000,0.0599,0.064,0.0005
primary_mouse_exposure_training_record,spline,2,147,1000,0.0598,0.0649,0.0005
primary_mouse_exposure_training_record,spline,2,148,1000,0.0596,0.0646,0.0005
primary_mouse_exposure_training_record,spline,2,149,1000,0.0596,0.0636,0.0005
primary_mouse_exposure_training_record,spline,2,150,1000,0.0601,0.0624,0.0005
primary_mouse_exposure_training_record,spline,2,151,1000,0.0591,0.0651,0.0005
primary_mouse_exposure_training_record,spline,2,152,1000,0.0598,0.0652,0.0005
primary_mouse_exposure_training_record,spline,2,153,1000,0.0589,0.0639,0.0005
primary_mouse_exposure_training_record,spline,2,154,1000,0.0595,0.0631,0.0005
primary_mouse_exposure_training_record,spline,2,155,1000,0.0591,0.0638,0.0005
primary_mouse_exposure_training_record,spline,2,156,1000,0.0591,0.0627,0.0005
primary_mouse_exposure_training_record,spline,2,157,1000,0.0585,0.0613,0.0005
primary_mouse_exposure_training_record,spline,2,158,1000,0.0587,0.0604,0.0005
primary_mouse_exposure_training_record,spline,2,159,1000,0.0585,0.0612,0.0005
primary_mouse_exposure_training_record,spline,2,160,1000,0.0583,0.0617,0.0005
primary_mouse_exposure_training_record,spline,2,161,1000,0.0579,0.0622,0.0005
primary_mouse_exposure_training_record,spline,2,162,1000,0.058,0.0628,0.0005
primary_mouse_exposure_training_record,spline,2,163,1000,0.0581,0.0617,0.0005
primary_mouse_exposure_training_record,spline,2,164,1000,0.0582,0.0609,0.0005
primary_mouse_exposure_training_record,spline,2,165,1000,0.0578,0.0611,0.0005
primary_mouse_exposure_training_record,spline,2,166,1000,0.0577,0.062,0.0005
primary_mouse_exposure_training_record,spline,2,167,1000,0.0581,0.0615,0.0005
primary_mouse_exposure_training_record,spline,2,168,1000,0.0576,0.061,0.0005
primary_mouse_exposure_training_record,spline,2,169,1000,0.0573,0.0615,0.00025
primary_mouse_exposure_training_record,spline,2,170,1000,0.0571,0.061,0.00025
primary_mouse_exposure_training_record,spline,2,171,1000,0.0571,0.0618,0.00025
primary_mouse_exposure_training_record,spline,2,172,1000,0.0572,0.0621,0.00025
primary_mouse_exposure_training_record,spline,2,173,1000,0.0569,0.0611,0.00025
primary_mouse_exposure_training_record,spline,2,174,1000,0.057,0.061,0.00025
primary_mouse_exposure_training_record,spline,2,175,1000,0.057,0.0611,0.00025
primary_mouse_exposure_training_record,spline,2,176,1000,0.0567,0.0604,0.00025
primary_mouse_exposure_training_record,spline,2,177,1000,0.0568,0.0602,0.00025
primary_mouse_exposure_training_record,spline,2,178,1000,0.0565,0.0617,0.00025
primary_mouse_exposure_training_record,spline,2,179,1000,0.057,0.0618,0.00025
primary_mouse_exposure_training_record,spline,2,180,1000,0.0566,0.0604,0.00025
primary_mouse_exposure_training_record,spline,2,181,1000,0.0568,0.061,0.00025
primary_mouse_exposure_training_record,spline,2,182,1000,0.0564,0.0627,0.00025
primary_mouse_exposure_training_record,spline,2,183,1000,0.0567,0.0628,0.00025
primary_mouse_exposure_training_record,spline,2,184,1000,0.0566,0.0609,0.00025
primary_mouse_exposure_training_record,spline,2,185,1000,0.0565,0.0597,0.00025
primary_mouse_exposure_training_record,spline,2,186,1000,0.0564,0.0604,0.00025
primary_mouse_exposure_training_record,spline,2,187,1000,0.0562,0.0614,0.00025
primary_mouse_exposure_training_record,spline,2,188,1000,0.0563,0.0613,0.00025
primary_mouse_exposure_training_record,spline,2,189,1000,0.0562,0.0604,0.00025
primary_mouse_exposure_training_record,spline,2,190,1000,0.0563,0.0601,0.00025
primary_mouse_exposure_training_record,spline,2,191,1000,0.0561,0.0604,0.00025
primary_mouse_exposure_training_record,spline,2,192,1000,0.0559,0.0619,0.00025
primary_mouse_exposure_training_record,spline,2,193,1000,0.0563,0.0617,0.00025
primary_mouse_exposure_training_record,spline,2,194,1000,0.0557,0.0602,0.00025
primary_mouse_exposure_training_record,spline,2,195,1000,0.0567,0.0598,0.00025
primary_mouse_exposure_training_record,spline,2,196,1000,0.0561,0.0598,0.000125
primary_mouse_exposure_training_record,spline,2,197,1000,0.0557,0.06,0.000125
primary_mouse_exposure_training_record,spline,2,198,1000,0.0556,0.0601,0.000125
primary_mouse_exposure_training_record,spline,2,199,1000,0.0556,0.0595,0.000125
primary_mouse_exposure_training_record,spline,2,200,1000,0.0556,0.0591,0.000125
primary_mouse_exposure_training_record,spline,2,201,1000,0.0557,0.0591,0.000125
primary_mouse_exposure_training_record,spline,2,202,1000,0.0558,0.0591,0.000125
primary_mouse_exposure_training_record,spline,2,203,1000,0.0557,0.0593,0.000125
primary_mouse_exposure_training_record,spline,2,204,1000,0.0555,0.0602,0.000125
primary_mouse_exposure_training_record,spline,2,205,1000,0.0555,0.0607,0.000125
primary_mouse_exposure_training_record,spline,2,206,1000,0.0554,0.0599,0.000125
primary_mouse_exposure_training_record,spline,2,207,1000,0.0553,0.0593,0.000125
primary_mouse_exposure_training_record,spline,2,208,1000,0.0553,0.0593,0.000125
primary_mouse_exposure_training_record,spline,2,209,1000,0.0553,0.0598,0.000125
primary_mouse_exposure_training_record,spline,2,210,1000,0.0553,0.0602,0.000125
primary_mouse_exposure_training_record,spline,2,211,1000,0.0552,0.0602,6.25e-05
primary_mouse_exposure_training_record,spline,2,212,1000,0.0552,0.0604,6.25e-05
primary_mouse_exposure_training_record,spline,2,213,1000,0.0551,0.0605,6.25e-05
primary_mouse_exposure_training_record,spline,2,214,1000,0.0551,0.0603,6.25e-05
primary_mouse_exposure_training_record,spline,2,215,1000,0.0551,0.0601,6.25e-05
primary_mouse_exposure_training_record,spline,2,216,1000,0.0551,0.0596,6.25e-05
primary_mouse_exposure_training_record,spline,2,217,1000,0.0551,0.0597,6.25e-05
primary_mouse_exposure_training_record,spline,2,218,1000,0.055,0.06,6.25e-05
primary_mouse_exposure_training_record,spline,2,219,1000,0.0551,0.0603,6.25e-05
primary_mouse_exposure_training_record,spline,2,220,1000,0.055,0.0602,6.25e-05
primary_mouse_exposure_training_record,spline,2,221,1000,0.055,0.0602,3.125e-05
primary_mouse_exposure_training_record,spline,2,222,1000,0.055,0.0602,3.125e-05
primary_mouse_exposure_training_record,spline,3,1,1000,0.5073,0.1639,0.001
primary_mouse_exposure_training_record,spline,3,2,1000,0.1788,0.1297,0.001
primary_mouse_exposure_training_record,spline,3,3,1000,0.1392,0.1413,0.001
primary_mouse_exposure_training_record,spline,3,4,1000,0.1396,0.1232,0.001
primary_mouse_exposure_training_record,spline,3,5,1000,0.1328,0.1228,0.001
primary_mouse_exposure_training_record,spline,3,6,1000,0.1242,0.1253,0.001
primary_mouse_exposure_training_record,spline,3,7,1000,0.1231,0.1178,0.001
primary_mouse_exposure_training_record,spline,3,8,1000,0.1163,0.1149,0.001
primary_mouse_exposure_training_record,spline,3,9,1000,0.1167,0.1111,0.001
primary_mouse_exposure_training_record,spline,3,10,1000,0.1129,0.111,0.001
primary_mouse_exposure_training_record,spline,3,11,1000,0.1118,0.1064,0.001
primary_mouse_exposure_training_record,spline,3,12,1000,0.1094,0.1053,0.001
primary_mouse_exposure_training_record,spline,3,13,1000,0.1078,0.1045,0.001
primary_mouse_exposure_training_record,spline,3,14,1000,0.1073,0.1046,0.001
primary_mouse_exposure_training_record,spline,3,15,1000,0.1053,0.1029,0.001
primary_mouse_exposure_training_record,spline,3,16,1000,0.105,0.1024,0.001
primary_mouse_exposure_training_record,spline,3,17,1000,0.1024,0.0999,0.001
primary_mouse_exposure_training_record,spline,3,18,1000,0.1012,0.1003,0.001
primary_mouse_exposure_training_record,spline,3,19,1000,0.1002,0.0982,0.001
primary_mouse_exposure_training_record,spline,3,20,1000,0.0979,0.0976,0.001
primary_mouse_exposure_training_record,spline,3,21,1000,0.097,0.0967,0.001
primary_mouse_exposure_training_record,spline,3,22,1000,0.0958,0.0959,0.001
primary_mouse_exposure_training_record,spline,3,23,1000,0.0953,0.0971,0.001
primary_mouse_exposure_training_record,spline,3,24,1000,0.0952,0.0953,0.001
primary_mouse_exposure_training_record,spline,3,25,1000,0.0932,0.0965,0.001
primary_mouse_exposure_training_record,spline,3,26,1000,0.0915,0.095,0.001
primary_mouse_exposure_training_record,spline,3,27,1000,0.0929,0.0944,0.001
primary_mouse_exposure_training_record,spline,3,28,1000,0.09,0.0933,0.001
primary_mouse_exposure_training_record,spline,3,29,1000,0.0896,0.0951,0.001
primary_mouse_exposure_training_record,spline,3,30,1000,0.0896,0.0924,0.001
primary_mouse_exposure_training_record,spline,3,31,1000,0.0887,0.0936,0.001
primary_mouse_exposure_training_record,spline,3,32,1000,0.087,0.0921,0.001
primary_mouse_exposure_training_record,spline,3,33,1000,0.088,0.0969,0.001
primary_mouse_exposure_training_record,spline,3,34,1000,0.0887,0.0911,0.001
primary_mouse_exposure_training_record,spline,3,35,1000,0.0855,0.0918,0.001
primary_mouse_exposure_training_record,spline,3,36,1000,0.0873,0.0894,0.001
primary_mouse_exposure_training_record,spline,3,37,1000,0.087,0.0919,0.001
primary_mouse_exposure_training_record,spline,3,38,1000,0.085,0.0876,0.001
primary_mouse_exposure_training_record,spline,3,39,1000,0.0838,0.0876,0.001
primary_mouse_exposure_training_record,spline,3,40,1000,0.0828,0.0864,0.001
primary_mouse_exposure_training_record,spline,3,41,1000,0.0836,0.0869,0.001
primary_mouse_exposure_training_record,spline,3,42,1000,0.083,0.0853,0.001
primary_mouse_exposure_training_record,spline,3,43,1000,0.0808,0.085,0.001
primary_mouse_exposure_training_record,spline,3,44,1000,0.0799,0.0852,0.001
primary_mouse_exposure_training_record,spline,3,45,1000,0.0804,0.0846,0.001
primary_mouse_exposure_training_record,spline,3,46,1000,0.0803,0.084,0.001
primary_mouse_exposure_training_record,spline,3,47,1000,0.0796,0.0841,0.001
primary_mouse_exposure_training_record,spline,3,48,1000,0.0785,0.0839,0.001
primary_mouse_exposure_training_record,spline,3,49,1000,0.0784,0.0834,0.001
primary_mouse_exposure_training_record,spline,3,50,1000,0.0776,0.0832,0.001
primary_mouse_exposure_training_record,spline,3,51,1000,0.0774,0.0826,0.001
primary_mouse_exposure_training_record,spline,3,52,1000,0.0766,0.0822,0.001
primary_mouse_exposure_training_record,spline,3,53,1000,0.0763,0.0817,0.001
primary_mouse_exposure_training_record,spline,3,54,1000,0.0758,0.0812,0.001
primary_mouse_exposure_training_record,spline,3,55,1000,0.075,0.0815,0.001
primary_mouse_exposure_training_record,spline,3,56,1000,0.0757,0.0808,0.001
primary_mouse_exposure_training_record,spline,3,57,1000,0.0757,0.0801,0.001
primary_mouse_exposure_training_record,spline,3,58,1000,0.0749,0.0804,0.001
primary_mouse_exposure_training_record,spline,3,59,1000,0.0743,0.079,0.001
primary_mouse_exposure_training_record,spline,3,60,1000,0.0738,0.0798,0.001
primary_mouse_exposure_training_record,spline,3,61,1000,0.0733,0.0785,0.001
primary_mouse_exposure_training_record,spline,3,62,1000,0.073,0.0788,0.001
primary_mouse_exposure_training_record,spline,3,63,1000,0.0726,0.0784,0.001
primary_mouse_exposure_training_record,spline,3,64,1000,0.0734,0.084,0.001
primary_mouse_exposure_training_record,spline,3,65,1000,0.0758,0.0813,0.001
primary_mouse_exposure_training_record,spline,3,66,1000,0.0754,0.0801,0.001
primary_mouse_exposure_training_record,spline,3,67,1000,0.0725,0.0774,0.001
primary_mouse_exposure_training_record,spline,3,68,1000,0.0724,0.078,0.001
primary_mouse_exposure_training_record,spline,3,69,1000,0.0709,0.0766,0.001
primary_mouse_exposure_training_record,spline,3,70,1000,0.0713,0.0766,0.001
primary_mouse_exposure_training_record,spline,3,71,1000,0.0702,0.0762,0.001
primary_mouse_exposure_training_record,spline,3,72,1000,0.0703,0.0758,0.001
primary_mouse_exposure_training_record,spline,3,73,1000,0.0697,0.0747,0.001
primary_mouse_exposure_training_record,spline,3,74,1000,0.0716,0.0749,0.001
primary_mouse_exposure_training_record,spline,3,75,1000,0.0739,0.0773,0.001
primary_mouse_exposure_training_record,spline,3,76,1000,0.0737,0.0735,0.001
primary_mouse_exposure_training_record,spline,3,77,1000,0.0728,0.0739,0.001
primary_mouse_exposure_training_record,spline,3,78,1000,0.0712,0.0725,0.001
primary_mouse_exposure_training_record,spline,3,79,1000,0.0727,0.072,0.001
primary_mouse_exposure_training_record,spline,3,80,1000,0.0737,0.0734,0.001
primary_mouse_exposure_training_record,spline,3,81,1000,0.0691,0.0734,0.001
primary_mouse_exposure_training_record,spline,3,82,1000,0.0684,0.073,0.001
primary_mouse_exposure_training_record,spline,3,83,1000,0.0678,0.0721,0.001
primary_mouse_exposure_training_record,spline,3,84,1000,0.0679,0.0712,0.001
primary_mouse_exposure_training_record,spline,3,85,1000,0.0677,0.0711,0.001
primary_mouse_exposure_training_record,spline,3,86,1000,0.0662,0.0714,0.001
primary_mouse_exposure_training_record,spline,3,87,1000,0.066,0.0721,0.001
primary_mouse_exposure_training_record,spline,3,88,1000,0.0657,0.0723,0.001
primary_mouse_exposure_training_record,spline,3,89,1000,0.0656,0.0721,0.001
primary_mouse_exposure_training_record,spline,3,90,1000,0.0659,0.0712,0.001
primary_mouse_exposure_training_record,spline,3,91,1000,0.0655,0.0711,0.001
primary_mouse_exposure_training_record,spline,3,92,1000,0.0653,0.0706,0.001
primary_mouse_exposure_training_record,spline,3,93,1000,0.0651,0.0697,0.001
primary_mouse_exposure_training_record,spline,3,94,1000,0.0641,0.0697,0.001
primary_mouse_exposure_training_record,spline,3,95,1000,0.0641,0.0697,0.001
primary_mouse_exposure_training_record,spline,3,96,1000,0.0646,0.0696,0.001
primary_mouse_exposure_training_record,spline,3,97,1000,0.0641,0.0695,0.001
primary_mouse_exposure_training_record,spline,3,98,1000,0.0638,0.0693,0.001
primary_mouse_exposure_training_record,spline,3,99,1000,0.0638,0.0693,0.001
primary_mouse_exposure_training_record,spline,3,100,1000,0.0626,0.0689,0.001
primary_mouse_exposure_training_record,spline,3,101,1000,0.0625,0.0691,0.001
primary_mouse_exposure_training_record,spline,3,102,1000,0.0633,0.0689,0.001
primary_mouse_exposure_training_record,spline,3,103,1000,0.0647,0.0708,0.001
primary_mouse_exposure_training_record,spline,3,104,1000,0.0641,0.0687,0.001
primary_mouse_exposure_training_record,spline,3,105,1000,0.0638,0.0683,0.001
primary_mouse_exposure_training_record,spline,3,106,1000,0.0639,0.0672,0.001
primary_mouse_exposure_training_record,spline,3,107,1000,0.0634,0.0669,0.001
primary_mouse_exposure_training_record,spline,3,108,1000,0.0654,0.0664,0.001
primary_mouse_exposure_training_record,spline,3,109,1000,0.0654,0.0666,0.001
primary_mouse_exposure_training_record,spline,3,110,1000,0.0697,0.0666,0.001
primary_mouse_exposure_training_record,spline,3,111,1000,0.0676,0.0665,0.001
primary_mouse_exposure_training_record,spline,3,112,1000,0.0636,0.0702,0.001
primary_mouse_exposure_training_record,spline,3,113,1000,0.0634,0.07,0.001
primary_mouse_exposure_training_record,spline,3,114,1000,0.0631,0.0701,0.001
primary_mouse_exposure_training_record,spline,3,115,1000,0.0627,0.067,0.001
primary_mouse_exposure_training_record,spline,3,116,1000,0.0624,0.0666,0.001
primary_mouse_exposure_training_record,spline,3,117,1000,0.0657,0.0673,0.001
primary_mouse_exposure_training_record,spline,3,118,1000,0.0638,0.0693,0.001
primary_mouse_exposure_training_record,spline,3,119,1000,0.0614,0.066,0.0005
primary_mouse_exposure_training_record,spline,3,120,1000,0.0618,0.0663,0.0005
primary_mouse_exposure_training_record,spline,3,121,1000,0.0598,0.0669,0.0005
primary_mouse_exposure_training_record,spline,3,122,1000,0.0603,0.0656,0.0005
primary_mouse_exposure_training_record,spline,3,123,1000,0.0602,0.067,0.0005
primary_mouse_exposure_training_record,spline,3,124,1000,0.0598,0.0665,0.0005
primary_mouse_exposure_training_record,spline,3,125,1000,0.0591,0.0657,0.0005
primary_mouse_exposure_training_record,spline,3,126,1000,0.0584,0.0653,0.0005
primary_mouse_exposure_training_record,spline,3,127,1000,0.0582,0.0652,0.0005
primary_mouse_exposure_training_record,spline,3,128,1000,0.0585,0.0653,0.0005
primary_mouse_exposure_training_record,spline,3,129,1000,0.0585,0.0655,0.0005
primary_mouse_exposure_training_record,spline,3,130,1000,0.0579,0.0653,0.0005
primary_mouse_exposure_training_record,spline,3,131,1000,0.0582,0.0655,0.0005
primary_mouse_exposure_training_record,spline,3,132,1000,0.0579,0.0655,0.0005
primary_mouse_exposure_training_record,spline,3,133,1000,0.0583,0.0649,0.0005
primary_mouse_exposure_training_record,spline,3,134,1000,0.0575,0.0649,0.0005
primary_mouse_exposure_training_record,spline,3,135,1000,0.0573,0.0648,0.0005
primary_mouse_exposure_training_record,spline,3,136,1000,0.0573,0.0647,0.0005
primary_mouse_exposure_training_record,spline,3,137,1000,0.0571,0.0644,0.0005
primary_mouse_exposure_training_record,spline,3,138,1000,0.0569,0.0644,0.0005
primary_mouse_exposure_training_record,spline,3,139,1000,0.0574,0.0641,0.0005
primary_mouse_exposure_training_record,spline,3,140,1000,0.0565,0.0643,0.0005
primary_mouse_exposure_training_record,spline,3,141,1000,0.0571,0.0641,0.0005
primary_mouse_exposure_training_record,spline,3,142,1000,0.0564,0.0644,0.0005
primary_mouse_exposure_training_record,spline,3,143,1000,0.0569,0.0639,0.0005
primary_mouse_exposure_training_record,spline,3,144,1000,0.0565,0.0637,0.0005
primary_mouse_exposure_training_record,spline,3,145,1000,0.0565,0.0637,0.0005
primary_mouse_exposure_training_record,spline,3,146,1000,0.0562,0.0637,0.0005
primary_mouse_exposure_training_record,spline,3,147,1000,0.056,0.0633,0.0005
primary_mouse_exposure_training_record,spline,3,148,1000,0.0563,0.0632,0.0005
primary_mouse_exposure_training_record,spline,3,149,1000,0.0564,0.0637,0.0005
primary_mouse_exposure_training_record,spline,3,150,1000,0.0558,0.0635,0.0005
primary_mouse_exposure_training_record,spline,3,151,1000,0.0559,0.0634,0.0005
primary_mouse_exposure_training_record,spline,3,152,1000,0.0555,0.0634,0.0005
primary_mouse_exposure_training_record,spline,3,153,1000,0.0555,0.063,0.0005
primary_mouse_exposure_training_record,spline,3,154,1000,0.0553,0.063,0.0005
primary_mouse_exposure_training_record,spline,3,155,1000,0.0553,0.0626,0.0005
primary_mouse_exposure_training_record,spline,3,156,1000,0.0552,0.0627,0.0005
primary_mouse_exposure_training_record,spline,3,157,1000,0.0552,0.0629,0.0005
primary_mouse_exposure_training_record,spline,3,158,1000,0.0549,0.0624,0.0005
primary_mouse_exposure_training_record,spline,3,159,1000,0.0549,0.0626,0.0005
primary_mouse_exposure_training_record,spline,3,160,1000,0.0547,0.0627,0.0005
primary_mouse_exposure_training_record,spline,3,161,1000,0.0546,0.0623,0.0005
primary_mouse_exposure_training_record,spline,3,162,1000,0.0547,0.0624,0.0005
primary_mouse_exposure_training_record,spline,3,163,1000,0.0547,0.0621,0.0005
primary_mouse_exposure_training_record,spline,3,164,1000,0.0549,0.0622,0.0005
primary_mouse_exposure_training_record,spline,3,165,1000,0.054,0.0629,0.0005
primary_mouse_exposure_training_record,spline,3,166,1000,0.0547,0.0617,0.0005
primary_mouse_exposure_training_record,spline,3,167,1000,0.0546,0.0617,0.0005
primary_mouse_exposure_training_record,spline,3,168,1000,0.054,0.0631,0.0005
primary_mouse_exposure_training_record,spline,3,169,1000,0.0542,0.0617,0.0005
primary_mouse_exposure_training_record,spline,3,170,1000,0.0539,0.0612,0.0005
primary_mouse_exposure_training_record,spline,3,171,1000,0.0538,0.0616,0.0005
primary_mouse_exposure_training_record,spline,3,172,1000,0.0536,0.0613,0.0005
primary_mouse_exposure_training_record,spline,3,173,1000,0.0546,0.0617,0.0005
primary_mouse_exposure_training_record,spline,3,174,1000,0.0536,0.0627,0.0005
primary_mouse_exposure_training_record,spline,3,175,1000,0.0535,0.0609,0.0005
primary_mouse_exposure_training_record,spline,3,176,1000,0.0535,0.061,0.0005
primary_mouse_exposure_training_record,spline,3,177,1000,0.0532,0.0614,0.0005
primary_mouse_exposure_training_record,spline,3,178,1000,0.0531,0.0609,0.0005
primary_mouse_exposure_training_record,spline,3,179,1000,0.0531,0.0609,0.0005
primary_mouse_exposure_training_record,spline,3,180,1000,0.0529,0.0612,0.0005
primary_mouse_exposure_training_record,spline,3,181,1000,0.0528,0.0607,0.0005
primary_mouse_exposure_training_record,spline,3,182,1000,0.0529,0.0609,0.0005
primary_mouse_exposure_training_record,spline,3,183,1000,0.0525,0.0613,0.0005
primary_mouse_exposure_training_record,spline,3,184,1000,0.0527,0.0604,0.0005
primary_mouse_exposure_training_record,spline,3,185,1000,0.0524,0.0603,0.0005
primary_mouse_exposure_training_record,spline,3,186,1000,0.0523,0.0609,0.0005
primary_mouse_exposure_training_record,spline,3,187,1000,0.0524,0.0605,0.0005
primary_mouse_exposure_training_record,spline,3,188,1000,0.0526,0.0602,0.0005
primary_mouse_exposure_training_record,spline,3,189,1000,0.0538,0.0609,0.0005
primary_mouse_exposure_training_record,spline,3,190,1000,0.0519,0.0614,0.0005
primary_mouse_exposure_training_record,spline,3,191,1000,0.0524,0.0609,0.0005
primary_mouse_exposure_training_record,spline,3,192,1000,0.0523,0.0603,0.0005
primary_mouse_exposure_training_record,spline,3,193,1000,0.0522,0.0602,0.0005
primary_mouse_exposure_training_record,spline,3,194,1000,0.052,0.0607,0.0005
primary_mouse_exposure_training_record,spline,3,195,1000,0.0521,0.0605,0.0005
primary_mouse_exposure_training_record,spline,3,196,1000,0.0516,0.0603,0.0005
primary_mouse_exposure_training_record,spline,3,197,1000,0.0523,0.0593,0.0005
primary_mouse_exposure_training_record,spline,3,198,1000,0.0524,0.0598,0.0005
primary_mouse_exposure_training_record,spline,3,199,1000,0.0511,0.0618,0.0005
primary_mouse_exposure_training_record,spline,3,200,1000,0.0522,0.0599,0.0005
primary_mouse_exposure_training_record,spline,3,201,1000,0.0529,0.0605,0.0005
primary_mouse_exposure_training_record,spline,3,202,1000,0.0534,0.0618,0.0005
primary_mouse_exposure_training_record,spline,3,203,1000,0.0515,0.061,0.0005
primary_mouse_exposure_training_record,spline,3,204,1000,0.0522,0.0606,0.0005
primary_mouse_exposure_training_record,spline,3,205,1000,0.0516,0.0598,0.0005
primary_mouse_exposure_training_record,spline,3,206,1000,0.0512,0.0596,0.0005
primary_mouse_exposure_training_record,spline,3,207,1000,0.0507,0.0608,0.0005
primary_mouse_exposure_training_record,spline,3,208,1000,0.0509,0.0598,0.00025
primary_mouse_exposure_training_record,spline,3,209,1000,0.0505,0.0599,0.00025
primary_mouse_exposure_training_record,spline,3,210,1000,0.0506,0.0597,0.00025
primary_mouse_exposure_training_record,spline,3,211,1000,0.0504,0.0599,0.00025
primary_mouse_exposure_training_record,spline,3,212,1000,0.0503,0.0595,0.00025
primary_mouse_exposure_training_record,spline,3,213,1000,0.0502,0.0594,0.00025
primary_mouse_exposure_training_record,spline,3,214,1000,0.0502,0.0594,0.00025
primary_mouse_exposure_training_record,spline,3,215,1000,0.0501,0.0594,0.00025
primary_mouse_exposure_training_record,spline,3,216,1000,0.0501,0.0595,0.00025
primary_mouse_exposure_training_record,spline,3,217,1000,0.0502,0.0595,0.00025
primary_mouse_exposure_training_record,spline,4,1,1000,0.2358,0.1927,0.001
primary_mouse_exposure_training_record,spline,4,2,1000,0.1575,0.1316,0.001
primary_mouse_exposure_training_record,spline,4,3,1000,0.1383,0.1269,0.001
primary_mouse_exposure_training_record,spline,4,4,1000,0.1369,0.1324,0.001
primary_mouse_exposure_training_record,spline,4,5,1000,0.1274,0.1238,0.001
primary_mouse_exposure_training_record,spline,4,6,1000,0.1225,0.1308,0.001
primary_mouse_exposure_training_record,spline,4,7,1000,0.1228,0.1181,0.001
primary_mouse_exposure_training_record,spline,4,8,1000,0.1193,0.1137,0.001
primary_mouse_exposure_training_record,spline,4,9,1000,0.1162,0.1138,0.001
primary_mouse_exposure_training_record,spline,4,10,1000,0.1139,0.111,0.001
primary_mouse_exposure_training_record,spline,4,11,1000,0.1124,0.1114,0.001
primary_mouse_exposure_training_record,spline,4,12,1000,0.1101,0.1107,0.001
primary_mouse_exposure_training_record,spline,4,13,1000,0.1091,0.1099,0.001
primary_mouse_exposure_training_record,spline,4,14,1000,0.1063,0.1061,0.001
primary_mouse_exposure_training_record,spline,4,15,1000,0.107,0.1078,0.001
primary_mouse_exposure_training_record,spline,4,16,1000,0.105,0.1056,0.001
primary_mouse_exposure_training_record,spline,4,17,1000,0.104,0.1036,0.001
primary_mouse_exposure_training_record,spline,4,18,1000,0.1038,0.1035,0.001
primary_mouse_exposure_training_record,spline,4,19,1000,0.1012,0.1002,0.001
primary_mouse_exposure_training_record,spline,4,20,1000,0.0986,0.1029,0.001
primary_mouse_exposure_training_record,spline,4,21,1000,0.0993,0.0968,0.001
primary_mouse_exposure_training_record,spline,4,22,1000,0.096,0.0963,0.001
primary_mouse_exposure_training_record,spline,4,23,1000,0.0947,0.0955,0.001
primary_mouse_exposure_training_record,spline,4,24,1000,0.0935,0.0964,0.001
primary_mouse_exposure_training_record,spline,4,25,1000,0.0922,0.0934,0.001
primary_mouse_exposure_training_record,spline,4,26,1000,0.0917,0.0926,0.001
primary_mouse_exposure_training_record,spline,4,27,1000,0.0909,0.0947,0.001
primary_mouse_exposure_training_record,spline,4,28,1000,0.09,0.0948,0.001
primary_mouse_exposure_training_record,spline,4,29,1000,0.089,0.093,0.001
primary_mouse_exposure_training_record,spline,4,30,1000,0.0878,0.0908,0.001
primary_mouse_exposure_training_record,spline,4,31,1000,0.0872,0.0904,0.001
primary_mouse_exposure_training_record,spline,4,32,1000,0.0865,0.0916,0.001
primary_mouse_exposure_training_record,spline,4,33,1000,0.0853,0.0899,0.001
primary_mouse_exposure_training_record,spline,4,34,1000,0.0852,0.0895,0.001
primary_mouse_exposure_training_record,spline,4,35,1000,0.0843,0.0925,0.001
primary_mouse_exposure_training_record,spline,4,36,1000,0.086,0.0904,0.001
primary_mouse_exposure_training_record,spline,4,37,1000,0.0853,0.0926,0.001
primary_mouse_exposure_training_record,spline,4,38,1000,0.0843,0.0894,0.001
primary_mouse_exposure_training_record,spline,4,39,1000,0.0818,0.0895,0.001
primary_mouse_exposure_training_record,spline,4,40,1000,0.0815,0.0892,0.001
primary_mouse_exposure_training_record,spline,4,41,1000,0.0825,0.0881,0.001
primary_mouse_exposure_training_record,spline,4,42,1000,0.0812,0.089,0.001
primary_mouse_exposure_training_record,spline,4,43,1000,0.0794,0.088,0.001
primary_mouse_exposure_training_record,spline,4,44,1000,0.0784,0.0868,0.001
primary_mouse_exposure_training_record,spline,4,45,1000,0.079,0.0857,0.001
primary_mouse_exposure_training_record,spline,4,46,1000,0.0777,0.0848,0.001
primary_mouse_exposure_training_record,spline,4,47,1000,0.0773,0.085,0.001
primary_mouse_exposure_training_record,spline,4,48,1000,0.0813,0.0845,0.001
primary_mouse_exposure_training_record,spline,4,49,1000,0.076,0.0861,0.001
primary_mouse_exposure_training_record,spline,4,50,1000,0.0782,0.0883,0.001
primary_mouse_exposure_training_record,spline,4,51,1000,0.0782,0.0869,0.001
primary_mouse_exposure_training_record,spline,4,52,1000,0.0748,0.0852,0.001
primary_mouse_exposure_training_record,spline,4,53,1000,0.0744,0.0848,0.001
primary_mouse_exposure_training_record,spline,4,54,1000,0.0733,0.0833,0.001
primary_mouse_exposure_training_record,spline,4,55,1000,0.0747,0.0817,0.001
primary_mouse_exposure_training_record,spline,4,56,1000,0.073,0.0839,0.001
primary_mouse_exposure_training_record,spline,4,57,1000,0.0728,0.0823,0.001
primary_mouse_exposure_training_record,spline,4,58,1000,0.0717,0.081,0.001
primary_mouse_exposure_training_record,spline,4,59,1000,0.0721,0.0808,0.001
primary_mouse_exposure_training_record,spline,4,60,1000,0.073,0.0833,0.001
primary_mouse_exposure_training_record,spline,4,61,1000,0.0714,0.0825,0.001
primary_mouse_exposure_training_record,spline,4,62,1000,0.0713,0.0823,0.001
primary_mouse_exposure_training_record,spline,4,63,1000,0.0719,0.08,0.001
primary_mouse_exposure_training_record,spline,4,64,1000,0.0696,0.0805,0.001
primary_mouse_exposure_training_record,spline,4,65,1000,0.0692,0.0802,0.001
primary_mouse_exposure_training_record,spline,4,66,1000,0.0686,0.0786,0.001
primary_mouse_exposure_training_record,spline,4,67,1000,0.0686,0.0785,0.001
primary_mouse_exposure_training_record,spline,4,68,1000,0.0677,0.0808,0.001
primary_mouse_exposure_training_record,spline,4,69,1000,0.0681,0.0818,0.001
primary_mouse_exposure_training_record,spline,4,70,1000,0.0688,0.0797,0.001
primary_mouse_exposure_training_record,spline,4,71,1000,0.0676,0.08,0.001
primary_mouse_exposure_training_record,spline,4,72,1000,0.0666,0.0803,0.001
primary_mouse_exposure_training_record,spline,4,73,1000,0.0662,0.0783,0.001
primary_mouse_exposure_training_record,spline,4,74,1000,0.0669,0.0781,0.001
primary_mouse_exposure_training_record,spline,4,75,1000,0.065,0.0807,0.001
primary_mouse_exposure_training_record,spline,4,76,1000,0.0661,0.0785,0.001
primary_mouse_exposure_training_record,spline,4,77,1000,0.0655,0.079,0.001
primary_mouse_exposure_training_record,spline,4,78,1000,0.0677,0.08,0.001
primary_mouse_exposure_training_record,spline,4,79,1000,0.0667,0.0822,0.001
primary_mouse_exposure_training_record,spline,4,80,1000,0.0692,0.0765,0.001
primary_mouse_exposure_training_record,spline,4,81,1000,0.072,0.0778,0.001
primary_mouse_exposure_training_record,spline,4,82,1000,0.0671,0.0767,0.001
primary_mouse_exposure_training_record,spline,4,83,1000,0.0637,0.0756,0.001
primary_mouse_exposure_training_record,spline,4,84,1000,0.0648,0.0749,0.001
primary_mouse_exposure_training_record,spline,4,85,1000,0.0622,0.0758,0.001
primary_mouse_exposure_training_record,spline,4,86,1000,0.0625,0.0771,0.001
primary_mouse_exposure_training_record,spline,4,87,1000,0.0623,0.0756,0.001
primary_mouse_exposure_training_record,spline,4,88,1000,0.0642,0.0782,0.001
primary_mouse_exposure_training_record,spline,4,89,1000,0.0637,0.0774,0.001
primary_mouse_exposure_training_record,spline,4,90,1000,0.0619,0.0771,0.001
primary_mouse_exposure_training_record,spline,4,91,1000,0.0625,0.0764,0.001
primary_mouse_exposure_training_record,spline,4,92,1000,0.0605,0.0754,0.001
primary_mouse_exposure_training_record,spline,4,93,1000,0.0603,0.0755,0.001
primary_mouse_exposure_training_record,spline,4,94,1000,0.0607,0.0746,0.001
primary_mouse_exposure_training_record,spline,4,95,1000,0.0607,0.0753,0.001
primary_mouse_exposure_training_record,spline,4,96,1000,0.0609,0.0749,0.001
primary_mouse_exposure_training_record,spline,4,97,1000,0.0617,0.0756,0.001
primary_mouse_exposure_training_record,spline,4,98,1000,0.0611,0.0766,0.001
primary_mouse_exposure_training_record,spline,4,99,1000,0.059,0.0766,0.001
primary_mouse_exposure_training_record,spline,4,100,1000,0.0586,0.0729,0.001
primary_mouse_exposure_training_record,spline,4,101,1000,0.0577,0.0751,0.001
primary_mouse_exposure_training_record,spline,4,102,1000,0.0597,0.0756,0.001
primary_mouse_exposure_training_record,spline,4,103,1000,0.0586,0.0743,0.001
primary_mouse_exposure_training_record,spline,4,104,1000,0.0581,0.0745,0.001
primary_mouse_exposure_training_record,spline,4,105,1000,0.0574,0.0743,0.001
primary_mouse_exposure_training_record,spline,4,106,1000,0.0564,0.0731,0.001
primary_mouse_exposure_training_record,spline,4,107,1000,0.0563,0.0706,0.001
primary_mouse_exposure_training_record,spline,4,108,1000,0.0563,0.0732,0.001
primary_mouse_exposure_training_record,spline,4,109,1000,0.0565,0.073,0.001
primary_mouse_exposure_training_record,spline,4,110,1000,0.0556,0.073,0.001
primary_mouse_exposure_training_record,spline,4,111,1000,0.0548,0.0774,0.001
primary_mouse_exposure_training_record,spline,4,112,1000,0.0572,0.0735,0.001
primary_mouse_exposure_training_record,spline,4,113,1000,0.0546,0.0707,0.001
primary_mouse_exposure_training_record,spline,4,114,1000,0.0543,0.0707,0.001
primary_mouse_exposure_training_record,spline,4,115,1000,0.0541,0.0721,0.001
primary_mouse_exposure_training_record,spline,4,116,1000,0.054,0.0721,0.001
primary_mouse_exposure_training_record,spline,4,117,1000,0.0552,0.072,0.001
primary_mouse_exposure_training_record,spline,4,118,1000,0.0545,0.0705,0.0005
primary_mouse_exposure_training_record,spline,4,119,1000,0.0533,0.0695,0.0005
primary_mouse_exposure_training_record,spline,4,120,1000,0.0543,0.0712,0.0005
primary_mouse_exposure_training_record,spline,4,121,1000,0.0531,0.0729,0.0005
primary_mouse_exposure_training_record,spline,4,122,1000,0.0529,0.0718,0.0005
primary_mouse_exposure_training_record,spline,4,123,1000,0.0531,0.0706,0.0005
primary_mouse_exposure_training_record,spline,4,124,1000,0.0531,0.0703,0.0005
primary_mouse_exposure_training_record,spline,4,125,1000,0.0521,0.0711,0.0005
primary_mouse_exposure_training_record,spline,4,126,1000,0.0542,0.0718,0.0005
primary_mouse_exposure_training_record,spline,4,127,1000,0.0527,0.0708,0.0005
primary_mouse_exposure_training_record,spline,4,128,1000,0.0526,0.0681,0.0005
primary_mouse_exposure_training_record,spline,4,129,1000,0.0529,0.0688,0.0005
primary_mouse_exposure_training_record,spline,4,130,1000,0.0518,0.0706,0.0005
primary_mouse_exposure_training_record,spline,4,131,1000,0.0521,0.0702,0.0005
primary_mouse_exposure_training_record,spline,4,132,1000,0.0518,0.07,0.0005
primary_mouse_exposure_training_record,spline,4,133,1000,0.0513,0.0703,0.0005
primary_mouse_exposure_training_record,spline,4,134,1000,0.0518,0.0687,0.0005
primary_mouse_exposure_training_record,spline,4,135,1000,0.0513,0.0678,0.0005
primary_mouse_exposure_training_record,spline,4,136,1000,0.0512,0.0682,0.0005
primary_mouse_exposure_training_record,spline,4,137,1000,0.0515,0.0688,0.0005
primary_mouse_exposure_training_record,spline,4,138,1000,0.051,0.0688,0.0005
primary_mouse_exposure_training_record,spline,4,139,1000,0.0514,0.0685,0.0005
primary_mouse_exposure_training_record,spline,4,140,1000,0.0512,0.0678,0.0005
primary_mouse_exposure_training_record,spline,4,141,1000,0.0513,0.0687,0.0005
primary_mouse_exposure_training_record,spline,4,142,1000,0.0511,0.0689,0.0005
primary_mouse_exposure_training_record,spline,4,143,1000,0.0506,0.0678,0.0005
primary_mouse_exposure_training_record,spline,4,144,1000,0.0509,0.0673,0.0005
primary_mouse_exposure_training_record,spline,4,145,1000,0.0505,0.0687,0.0005
primary_mouse_exposure_training_record,spline,4,146,1000,0.0505,0.0677,0.0005
primary_mouse_exposure_training_record,spline,4,147,1000,0.0504,0.0667,0.0005
primary_mouse_exposure_training_record,spline,4,148,1000,0.05,0.0672,0.0005
primary_mouse_exposure_training_record,spline,4,149,1000,0.0501,0.067,0.0005
primary_mouse_exposure_training_record,spline,4,150,1000,0.0498,0.0679,0.0005
primary_mouse_exposure_training_record,spline,4,151,1000,0.0497,0.0685,0.0005
primary_mouse_exposure_training_record,spline,4,152,1000,0.0499,0.0675,0.0005
primary_mouse_exposure_training_record,spline,4,153,1000,0.0497,0.0661,0.0005
primary_mouse_exposure_training_record,spline,4,154,1000,0.0494,0.0672,0.0005
primary_mouse_exposure_training_record,spline,4,155,1000,0.0493,0.0674,0.0005
primary_mouse_exposure_training_record,spline,4,156,1000,0.0495,0.0658,0.0005
primary_mouse_exposure_training_record,spline,4,157,1000,0.0491,0.0646,0.0005
primary_mouse_exposure_training_record,spline,4,158,1000,0.0492,0.0659,0.0005
primary_mouse_exposure_training_record,spline,4,159,1000,0.0495,0.0662,0.0005
primary_mouse_exposure_training_record,spline,4,160,1000,0.0487,0.0659,0.0005
primary_mouse_exposure_training_record,spline,4,161,1000,0.0488,0.0663,0.0005
primary_mouse_exposure_training_record,spline,4,162,1000,0.0486,0.0666,0.0005
primary_mouse_exposure_training_record,spline,4,163,1000,0.0485,0.0669,0.0005
primary_mouse_exposure_training_record,spline,4,164,1000,0.0484,0.0648,0.0005
primary_mouse_exposure_training_record,spline,4,165,1000,0.0492,0.065,0.0005
primary_mouse_exposure_training_record,spline,4,166,1000,0.0483,0.0662,0.0005
primary_mouse_exposure_training_record,spline,4,167,1000,0.0481,0.065,0.0005
primary_mouse_exposure_training_record,spline,4,168,1000,0.0483,0.0645,0.00025
primary_mouse_exposure_training_record,spline,4,169,1000,0.0491,0.0657,0.00025
primary_mouse_exposure_training_record,spline,4,170,1000,0.0483,0.0646,0.00025
primary_mouse_exposure_training_record,spline,4,171,1000,0.048,0.064,0.00025
primary_mouse_exposure_training_record,spline,4,172,1000,0.0476,0.0638,0.00025
primary_mouse_exposure_training_record,spline,4,173,1000,0.0478,0.0639,0.00025
primary_mouse_exposure_training_record,spline,4,174,1000,0.0477,0.0639,0.00025
primary_mouse_exposure_training_record,spline,4,175,1000,0.0475,0.0642,0.00025
primary_mouse_exposure_training_record,spline,4,176,1000,0.0476,0.0639,0.00025
primary_mouse_exposure_training_record,spline,4,177,1000,0.0474,0.0634,0.00025
primary_mouse_exposure_training_record,spline,4,178,1000,0.0475,0.0643,0.00025
primary_mouse_exposure_training_record,spline,4,179,1000,0.0475,0.065,0.00025
primary_mouse_exposure_training_record,spline,4,180,1000,0.0472,0.0651,0.00025
primary_mouse_exposure_training_record,spline,4,181,1000,0.0474,0.0638,0.00025
primary_mouse_exposure_training_record,spline,4,182,1000,0.0471,0.0634,0.00025
primary_mouse_exposure_training_record,spline,4,183,1000,0.0482,0.0639,0.00025
primary_mouse_exposure_training_record,spline,4,184,1000,0.0473,0.0643,0.00025
primary_mouse_exposure_training_record,spline,4,185,1000,0.0474,0.0643,0.00025
primary_mouse_exposure_training_record,spline,4,186,1000,0.0471,0.0629,0.00025
primary_mouse_exposure_training_record,spline,4,187,1000,0.0469,0.0626,0.00025
primary_mouse_exposure_training_record,spline,4,188,1000,0.047,0.0627,0.00025
primary_mouse_exposure_training_record,spline,4,189,1000,0.0474,0.0638,0.00025
primary_mouse_exposure_training_record,spline,4,190,1000,0.0471,0.0625,0.00025
primary_mouse_exposure_training_record,spline,4,191,1000,0.0468,0.0622,0.00025
primary_mouse_exposure_training_record,spline,4,192,1000,0.0466,0.0629,0.00025
primary_mouse_exposure_training_record,spline,4,193,1000,0.0468,0.0631,0.00025
primary_mouse_exposure_training_record,spline,4,194,1000,0.0465,0.0627,0.00025
primary_mouse_exposure_training_record,spline,4,195,1000,0.0467,0.0629,0.00025
primary_mouse_exposure_training_record,spline,4,196,1000,0.0468,0.0635,0.00025
primary_mouse_exposure_training_record,spline,4,197,1000,0.0467,0.0634,0.00025
primary_mouse_exposure_training_record,spline,4,198,1000,0.0466,0.0635,0.00025
primary_mouse_exposure_training_record,spline,4,199,1000,0.0464,0.0632,0.00025
primary_mouse_exposure_training_record,spline,4,200,1000,0.0463,0.0628,0.00025
primary_mouse_exposure_training_record,spline,4,201,1000,0.0462,0.0632,0.00025
primary_mouse_exposure_training_record,spline,4,202,1000,0.0462,0.063,0.000125
primary_mouse_exposure_training_record,spline,4,203,1000,0.0461,0.0626,0.000125
primary_mouse_exposure_training_record,spline,4,204,1000,0.046,0.0622,0.000125
primary_mouse_exposure_training_record,spline,4,205,1000,0.0461,0.0621,0.000125
primary_mouse_exposure_training_record,spline,4,206,1000,0.0462,0.0619,0.000125
primary_mouse_exposure_training_record,spline,4,207,1000,0.046,0.0619,0.000125
primary_mouse_exposure_training_record,spline,4,208,1000,0.0459,0.062,0.000125
primary_mouse_exposure_training_record,spline,4,209,1000,0.0459,0.0622,0.000125
primary_mouse_exposure_training_record,spline,4,210,1000,0.0459,0.0624,0.000125
primary_mouse_exposure_training_record,spline,4,211,1000,0.0458,0.0621,0.000125
primary_mouse_exposure_training_record,spline,4,212,1000,0.0458,0.0623,0.000125
primary_mouse_exposure_training_record,spline,4,213,1000,0.0458,0.0625,0.000125
primary_mouse_exposure_training_record,spline,4,214,1000,0.0457,0.0626,0.000125
primary_mouse_exposure_training_record,spline,4,215,1000,0.0458,0.0625,0.000125
primary_mouse_exposure_training_record,spline,4,216,1000,0.0458,0.0619,0.000125
primary_mouse_exposure_training_record,spline,4,217,1000,0.0457,0.0616,6.25e-05
primary_mouse_exposure_training_record,spline,4,218,1000,0.0456,0.0613,6.25e-05
primary_mouse_exposure_training_record,spline,4,219,1000,0.0457,0.0611,6.25e-05
primary_mouse_exposure_training_record,spline,4,220,1000,0.0457,0.061,6.25e-05
primary_mouse_exposure_training_record,spline,4,221,1000,0.0457,0.0609,6.25e-05
primary_mouse_exposure_training_record,spline,4,222,1000,0.0456,0.0608,6.25e-05
primary_mouse_exposure_training_record,spline,4,223,1000,0.0456,0.0609,6.25e-05
primary_mouse_exposure_training_record,spline,4,224,1000,0.0456,0.0612,6.25e-05
primary_mouse_exposure_training_record,spline,4,225,1000,0.0455,0.0615,6.25e-05
primary_mouse_exposure_training_record,spline,4,226,1000,0.0455,0.0617,6.25e-05
primary_mouse_exposure_training_record,spline,4,227,1000,0.0456,0.0616,6.25e-05
primary_mouse_exposure_training_record,spline,4,228,1000,0.0455,0.0614,6.25e-05
primary_mouse_exposure_training_record,spline,4,229,1000,0.0455,0.0613,6.25e-05
primary_mouse_exposure_training_record,spline,4,230,1000,0.0456,0.0614,6.25e-05
primary_mouse_exposure_training_record,spline,4,231,1000,0.0455,0.0615,6.25e-05
primary_mouse_exposure_training_record,spline,4,232,1000,0.0454,0.0615,3.125e-05
primary_mouse_exposure_training_record,spline,4,233,1000,0.0454,0.0615,3.125e-05
primary_mouse_exposure_training_record,spline,4,234,1000,0.0454,0.0615,3.125e-05
primary_mouse_exposure_training_record,spline,4,235,1000,0.0454,0.0614,3.125e-05
primary_mouse_exposure_training_record,spline,4,236,1000,0.0454,0.0613,3.125e-05
primary_mouse_exposure_training_record,spline,4,237,1000,0.0454,0.0612,3.125e-05
primary_mouse_exposure_training_record,spline,4,238,1000,0.0454,0.0612,3.125e-05
primary_mouse_exposure_training_record,spline,4,239,1000,0.0454,0.0613,3.125e-05
primary_mouse_exposure_training_record,spline,4,240,1000,0.0454,0.0613,3.125e-05
primary_mouse_exposure_training_record,spline,4,241,1000,0.0454,0.0613,3.125e-05
primary_mouse_exposure_training_record,spline,4,242,1000,0.0454,0.0612,1.5625e-05
primary_mouse_exposure_training_record,spline,5,1,1000,0.3674,0.2532,0.001
primary_mouse_exposure_training_record,spline,5,2,1000,0.2111,0.1696,0.001
primary_mouse_exposure_training_record,spline,5,3,1000,0.1535,0.2338,0.001
primary_mouse_exposure_training_record,spline,5,4,1000,0.1505,0.1392,0.001
primary_mouse_exposure_training_record,spline,5,5,1000,0.1278,0.1349,0.001
primary_mouse_exposure_training_record,spline,5,6,1000,0.131,0.1238,0.001
primary_mouse_exposure_training_record,spline,5,7,1000,0.1253,0.1236,0.001
primary_mouse_exposure_training_record,spline,5,8,1000,0.12,0.1206,0.001
primary_mouse_exposure_training_record,spline,5,9,1000,0.1177,0.118,0.001
primary_mouse_exposure_training_record,spline,5,10,1000,0.112,0.1226,0.001
primary_mouse_exposure_training_record,spline,5,11,1000,0.1121,0.1219,0.001
primary_mouse_exposure_training_record,spline,5,12,1000,0.1093,0.1176,0.001
primary_mouse_exposure_training_record,spline,5,13,1000,0.1065,0.1143,0.001
primary_mouse_exposure_training_record,spline,5,14,1000,0.1062,0.1127,0.001
primary_mouse_exposure_training_record,spline,5,15,1000,0.1049,0.112,0.001
primary_mouse_exposure_training_record,spline,5,16,1000,0.1043,0.1156,0.001
primary_mouse_exposure_training_record,spline,5,17,1000,0.1026,0.1141,0.001
primary_mouse_exposure_training_record,spline,5,18,1000,0.1008,0.1142,0.001
primary_mouse_exposure_training_record,spline,5,19,1000,0.0999,0.1095,0.001
primary_mouse_exposure_training_record,spline,5,20,1000,0.0982,0.1073,0.001
primary_mouse_exposure_training_record,spline,5,21,1000,0.0981,0.107,0.001
primary_mouse_exposure_training_record,spline,5,22,1000,0.0981,0.1069,0.001
primary_mouse_exposure_training_record,spline,5,23,1000,0.0961,0.1038,0.001
primary_mouse_exposure_training_record,spline,5,24,1000,0.0953,0.1033,0.001
primary_mouse_exposure_training_record,spline,5,25,1000,0.0939,0.1008,0.001
primary_mouse_exposure_training_record,spline,5,26,1000,0.0941,0.1,0.001
primary_mouse_exposure_training_record,spline,5,27,1000,0.0928,0.1031,0.001
primary_mouse_exposure_training_record,spline,5,28,1000,0.0933,0.1037,0.001
primary_mouse_exposure_training_record,spline,5,29,1000,0.0907,0.1008,0.001
primary_mouse_exposure_training_record,spline,5,30,1000,0.0912,0.1028,0.001
primary_mouse_exposure_training_record,spline,5,31,1000,0.0909,0.0957,0.001
primary_mouse_exposure_training_record,spline,5,32,1000,0.0908,0.0955,0.001
primary_mouse_exposure_training_record,spline,5,33,1000,0.0885,0.0952,0.001
primary_mouse_exposure_training_record,spline,5,34,1000,0.0879,0.0958,0.001
primary_mouse_exposure_training_record,spline,5,35,1000,0.088,0.0928,0.001
primary_mouse_exposure_training_record,spline,5,36,1000,0.0861,0.0968,0.001
primary_mouse_exposure_training_record,spline,5,37,1000,0.0884,0.0938,0.001
primary_mouse_exposure_training_record,spline,5,38,1000,0.0859,0.0937,0.001
primary_mouse_exposure_training_record,spline,5,39,1000,0.0861,0.0913,0.001
primary_mouse_exposure_training_record,spline,5,40,1000,0.0861,0.0924,0.001
primary_mouse_exposure_training_record,spline,5,41,1000,0.0851,0.0909,0.001
primary_mouse_exposure_training_record,spline,5,42,1000,0.0852,0.0898,0.001
primary_mouse_exposure_training_record,spline,5,43,1000,0.0834,0.093,0.001
primary_mouse_exposure_training_record,spline,5,44,1000,0.0833,0.0907,0.001
primary_mouse_exposure_training_record,spline,5,45,1000,0.0853,0.09,0.001
primary_mouse_exposure_training_record,spline,5,46,1000,0.0817,0.0923,0.001
primary_mouse_exposure_training_record,spline,5,47,1000,0.0835,0.0867,0.001
primary_mouse_exposure_training_record,spline,5,48,1000,0.085,0.0871,0.001
primary_mouse_exposure_training_record,spline,5,49,1000,0.0822,0.0935,0.001
primary_mouse_exposure_training_record,spline,5,50,1000,0.0826,0.0881,0.001
primary_mouse_exposure_training_record,spline,5,51,1000,0.0813,0.0899,0.001
primary_mouse_exposure_training_record,spline,5,52,1000,0.0796,0.0846,0.001
primary_mouse_exposure_training_record,spline,5,53,1000,0.0822,0.0853,0.001
primary_mouse_exposure_training_record,spline,5,54,1000,0.0812,0.0906,0.001
primary_mouse_exposure_training_record,spline,5,55,1000,0.0796,0.0882,0.001
primary_mouse_exposure_training_record,spline,5,56,1000,0.0788,0.0879,0.001
primary_mouse_exposure_training_record,spline,5,57,1000,0.0775,0.0828,0.001
primary_mouse_exposure_training_record,spline,5,58,1000,0.0786,0.0822,0.001
primary_mouse_exposure_training_record,spline,5,59,1000,0.0782,0.0837,0.001
primary_mouse_exposure_training_record,spline,5,60,1000,0.0777,0.0874,0.001
primary_mouse_exposure_training_record,spline,5,61,1000,0.0767,0.0811,0.001
primary_mouse_exposure_training_record,spline,5,62,1000,0.0778,0.0826,0.001
primary_mouse_exposure_training_record,spline,5,63,1000,0.0768,0.0799,0.001
primary_mouse_exposure_training_record,spline,5,64,1000,0.0765,0.0798,0.001
primary_mouse_exposure_training_record,spline,5,65,1000,0.0754,0.0809,0.001
primary_mouse_exposure_training_record,spline,5,66,1000,0.0757,0.0814,0.001
primary_mouse_exposure_training_record,spline,5,67,1000,0.076,0.081,0.001
primary_mouse_exposure_training_record,spline,5,68,1000,0.0745,0.0825,0.001
primary_mouse_exposure_training_record,spline,5,69,1000,0.0743,0.0787,0.001
primary_mouse_exposure_training_record,spline,5,70,1000,0.0741,0.0839,0.001
primary_mouse_exposure_training_record,spline,5,71,1000,0.074,0.0796,0.001
primary_mouse_exposure_training_record,spline,5,72,1000,0.0767,0.0787,0.001
primary_mouse_exposure_training_record,spline,5,73,1000,0.0741,0.079,0.001
primary_mouse_exposure_training_record,spline,5,74,1000,0.0788,0.0792,0.001
primary_mouse_exposure_training_record,spline,5,75,1000,0.0764,0.086,0.001
primary_mouse_exposure_training_record,spline,5,76,1000,0.0797,0.0786,0.001
primary_mouse_exposure_training_record,spline,5,77,1000,0.077,0.078,0.001
primary_mouse_exposure_training_record,spline,5,78,1000,0.0755,0.0742,0.001
primary_mouse_exposure_training_record,spline,5,79,1000,0.0727,0.0761,0.001
primary_mouse_exposure_training_record,spline,5,80,1000,0.0718,0.0796,0.001
primary_mouse_exposure_training_record,spline,5,81,1000,0.0719,0.0823,0.001
primary_mouse_exposure_training_record,spline,5,82,1000,0.0718,0.078,0.001
primary_mouse_exposure_training_record,spline,5,83,1000,0.0711,0.0754,0.001
primary_mouse_exposure_training_record,spline,5,84,1000,0.071,0.0769,0.001
primary_mouse_exposure_training_record,spline,5,85,1000,0.0739,0.0777,0.001
primary_mouse_exposure_training_record,spline,5,86,1000,0.0703,0.0781,0.001
primary_mouse_exposure_training_record,spline,5,87,1000,0.0705,0.0806,0.001
primary_mouse_exposure_training_record,spline,5,88,1000,0.0695,0.0763,0.001
primary_mouse_exposure_training_record,spline,5,89,1000,0.069,0.0746,0.0005
primary_mouse_exposure_training_record,spline,5,90,1000,0.0687,0.0743,0.0005
primary_mouse_exposure_training_record,spline,5,91,1000,0.0686,0.0763,0.0005
primary_mouse_exposure_training_record,spline,5,92,1000,0.0687,0.0766,0.0005
primary_mouse_exposure_training_record,spline,5,93,1000,0.0685,0.0766,0.0005
primary_mouse_exposure_training_record,spline,5,94,1000,0.0686,0.0806,0.0005
primary_mouse_exposure_training_record,spline,5,95,1000,0.0693,0.0787,0.0005
primary_mouse_exposure_training_record,spline,5,96,1000,0.0681,0.0735,0.0005
primary_mouse_exposure_training_record,spline,5,97,1000,0.0687,0.0728,0.0005
primary_mouse_exposure_training_record,spline,5,98,1000,0.0677,0.0762,0.0005
primary_mouse_exposure_training_record,spline,5,99,1000,0.0691,0.0757,0.0005
primary_mouse_exposure_training_record,spline,5,100,1000,0.0676,0.0748,0.0005
primary_mouse_exposure_training_record,spline,5,101,1000,0.068,0.0764,0.0005
primary_mouse_exposure_training_record,spline,5,102,1000,0.0676,0.0799,0.0005
primary_mouse_exposure_training_record,spline,5,103,1000,0.0678,0.0768,0.0005
primary_mouse_exposure_training_record,spline,5,104,1000,0.0674,0.0763,0.0005
primary_mouse_exposure_training_record,spline,5,105,1000,0.0674,0.0719,0.0005
primary_mouse_exposure_training_record,spline,5,106,1000,0.0668,0.0727,0.0005
primary_mouse_exposure_training_record,spline,5,107,1000,0.0665,0.0722,0.0005
primary_mouse_exposure_training_record,spline,5,108,1000,0.0693,0.074,0.0005
primary_mouse_exposure_training_record,spline,5,109,1000,0.0683,0.0764,0.0005
primary_mouse_exposure_training_record,spline,5,110,1000,0.0676,0.0816,0.0005
primary_mouse_exposure_training_record,spline,5,111,1000,0.0679,0.0746,0.0005
primary_mouse_exposure_training_record,spline,5,112,1000,0.0664,0.0735,0.0005
primary_mouse_exposure_training_record,spline,5,113,1000,0.0675,0.0759,0.0005
primary_mouse_exposure_training_record,spline,5,114,1000,0.0685,0.0796,0.0005
primary_mouse_exposure_training_record,spline,5,115,1000,0.0666,0.0731,0.0005
primary_mouse_exposure_training_record,spline,5,116,1000,0.0659,0.0741,0.00025
primary_mouse_exposure_training_record,spline,5,117,1000,0.0656,0.0737,0.00025
primary_mouse_exposure_training_record,spline,5,118,1000,0.0657,0.0718,0.00025
primary_mouse_exposure_training_record,spline,5,119,1000,0.066,0.0707,0.00025
primary_mouse_exposure_training_record,spline,5,120,1000,0.0659,0.0712,0.00025
primary_mouse_exposure_training_record,spline,5,121,1000,0.0654,0.0719,0.00025
primary_mouse_exposure_training_record,spline,5,122,1000,0.0652,0.0735,0.00025
primary_mouse_exposure_training_record,spline,5,123,1000,0.065,0.0764,0.00025
primary_mouse_exposure_training_record,spline,5,124,1000,0.0653,0.0773,0.00025
primary_mouse_exposure_training_record,spline,5,125,1000,0.0653,0.0763,0.00025
primary_mouse_exposure_training_record,spline,5,126,1000,0.0649,0.0787,0.00025
primary_mouse_exposure_training_record,spline,5,127,1000,0.0654,0.0777,0.00025
primary_mouse_exposure_training_record,spline,5,128,1000,0.0647,0.0736,0.00025
primary_mouse_exposure_training_record,spline,5,129,1000,0.0658,0.0714,0.00025
primary_mouse_exposure_training_record,spline,5,130,1000,0.0648,0.0728,0.000125
primary_mouse_exposure_training_record,spline,5,131,1000,0.0645,0.0746,0.000125
primary_mouse_exposure_training_record,spline,5,132,1000,0.0648,0.0736,0.000125
primary_mouse_exposure_training_record,spline,5,133,1000,0.0646,0.0722,0.000125
primary_mouse_exposure_training_record,spline,5,134,1000,0.0645,0.0722,0.000125
primary_mouse_exposure_training_record,spline,5,135,1000,0.0645,0.0729,0.000125
primary_mouse_exposure_training_record,spline,5,136,1000,0.0644,0.0732,0.000125
primary_mouse_exposure_training_record,spline,5,137,1000,0.0644,0.0735,0.000125
primary_mouse_exposure_training_record,spline,5,138,1000,0.0643,0.0731,0.000125
primary_mouse_exposure_training_record,spline,5,139,1000,0.0642,0.0731,0.000125
