True,OOF_ACeT,OOF_BaillyRefit,BaillyEq_reference,True_is_poor,ACeT_is_poor,BaillyRefit_is_poor,BaillyEq_is_poor
50.0,49.30130386352539,47.906016163567315,49.88927,1,1,1,1
50.0,45.426251602172854,48.43739483376017,39.91843000000001,1,1,1,1
50.0,52.5,50.99905862416714,49.53057,1,1,1,1
50.0,39.16771469116211,40.589447735351435,37.50463,1,1,1,1
37.588,47.40810661315918,43.94398597782554,35.95055000000001,1,1,1,1
50.0,50.0,48.40652582420807,48.48895000000001,1,1,1,1
50.0,49.0261043548584,48.77098391328202,51.050610000000006,1,1,1,1
29.088,47.65023651123047,47.48356630212895,50.81159000000001,0,1,1,1
28.121,41.13201217651367,35.63973757073556,39.05069000000001,0,1,1,1
50.0,52.02894058227539,48.161297602004616,45.38293,1,1,1,1
50.0,45.48310546875,42.59283608561215,43.71243000000001,1,1,1,1
34.6,45.29463348388672,40.93408962258641,43.14885,1,1,1,1
50.0,49.934696197509766,43.920780502574715,47.146429999999995,1,1,1,1
41.9,57.61402626037598,43.93563488733892,47.788790000000006,1,1,1,1
50.0,48.06848068237305,41.64314759427211,43.04713000000001,1,1,1,1
38.1,47.75427932739258,39.94277285750628,47.22179000000001,1,1,1,1
26.8,47.78402442932129,39.62898515804666,44.54777,0,1,1,1
37.3,44.77623291015625,40.45955612466737,41.97141000000001,1,1,1,1
50.0,52.45388565063477,46.07963899731447,48.705330000000004,1,1,1,1
50.0,48.17012329101563,46.21821414671813,52.21370999999999,1,1,1,1
50.0,48.9063217163086,45.628415671747646,53.08599,1,1,1,1
50.0,38.77279090881348,45.39209177861881,48.44553000000001,1,1,1,1
50.0,40.37056465148926,40.90568216951349,41.25743000000001,1,1,1,1
25.1,46.68233985900879,41.48589018536669,42.12169,0,1,1,1
50.0,41.91695785522461,42.216196186653576,42.50565,1,1,1,1
36.0,47.78731117248535,45.42320234447028,44.10765000000001,1,1,1,1
50.0,48.90561752319336,37.331469379793205,44.78373,1,1,1,1
50.0,42.95217056274414,39.52905478389284,43.233230000000006,1,1,1,1
50.0,44.456254196166995,41.74407621775312,44.07214999999999,1,1,1,1
50.0,48.29904327392578,40.66262838320444,44.98431000000001,1,1,1,1
50.0,44.0720027923584,37.40458221227222,47.48141,1,1,1,1
29.1,44.36549263000488,40.217483584978496,41.91165,0,1,1,1
29.7,41.57621803283691,41.18129477929858,41.209430000000005,0,1,1,1
33.9,41.2317512512207,41.772171181154214,42.39703000000001,1,1,1,1
32.7,49.20351943969727,45.403960401063316,47.98545000000001,1,1,1,1
50.0,44.83078956604004,43.82117678256851,43.744209999999995,1,1,1,1
29.9,31.976705932617186,38.71487916064027,39.069570000000006,0,1,1,1
50.0,51.69631843566894,41.981272442485476,45.29914999999999,1,1,1,1
50.0,45.96020851135254,41.146493169372164,46.74712999999999,1,1,1,1
25.0,47.50758438110351,43.075460587276,44.34098999999999,0,1,1,1
35.6,46.266577529907224,44.99263615742882,44.679990000000004,1,1,1,1
50.0,47.18301544189453,45.83683367774246,46.91409,1,1,1,1
50.0,35.25369644165039,34.75063959109436,46.66825,1,1,1,1
50.0,48.93995208740235,40.339322306947054,43.005449999999996,1,1,1,1
50.0,28.42558822631836,36.816301315424845,38.982910000000004,1,0,1,1
50.0,47.05002632141113,38.394547852667884,41.95533000000002,1,1,1,1
50.0,48.54738082885742,40.44465568835618,50.30587000000001,1,1,1,1
50.0,35.70563850402832,33.83829534376274,43.919470000000004,1,1,1,1
50.0,46.62597427368164,42.18358044473969,53.374890000000015,1,1,1,1
50.0,48.06109733581543,38.97148089331807,48.285830000000004,1,1,1,1
50.0,45.98769683837891,38.492614730237165,42.13259000000001,1,1,1,1
50.0,46.638170623779295,43.200385267256806,45.34289,1,1,1,1
39.2,52.43090133666992,45.5034225523819,53.49489000000001,1,1,1,1
50.0,49.213344192504884,40.470639322741796,52.190690000000004,1,1,1,1
41.8,48.9433177947998,40.95318387577531,48.979710000000004,1,1,1,1
50.0,45.840417098999026,37.84763725626281,43.90185000000001,1,1,1,1
29.1,41.88333435058594,39.97610227967365,41.11498999999999,0,1,1,1
32.2,48.05771827697754,38.95264752552122,47.54681,1,1,1,1
22.3,24.56175537109375,27.995050227641592,48.00277,0,0,0,1
24.7,24.536119270324708,29.589814717235633,46.26803,0,0,0,1
20.9,25.7441198348999,28.660923098699364,46.043949999999995,0,0,0,1
23.1,24.624185371398926,28.95676190680869,44.93081000000001,0,0,0,1
23.2,24.57036361694336,30.17402859817333,48.51169000000001,0,0,1,1
24.7,24.12571201324463,29.90616337082646,47.420210000000004,0,0,0,1
24.8,25.788562202453612,27.043052452423126,39.470330000000004,0,0,0,1
24.2,24.522033500671387,27.97423922776838,46.889829999999996,0,0,0,1
24.7,24.283876609802245,28.41462759070921,46.24135000000001,0,0,0,1
27.4,24.08122501373291,27.907835208982846,41.746170000000006,0,0,0,1
25.4,23.921907234191895,26.829784832068203,40.378930000000004,0,0,0,1
26.6,24.492698669433594,29.037223619048394,47.152670000000015,0,0,0,1
26.1,23.961537742614745,28.74763215669774,48.114869999999996,0,0,0,1
27.7,24.71075782775879,29.44961497886489,48.20471000000001,0,0,0,1
28.1,24.037815475463866,28.412789218623328,48.15661,0,0,0,1
29.5,24.25868492126465,26.21401687234347,46.98659000000001,0,0,0,1
24.1,23.746194648742676,17.56579364593569,33.28991,0,0,0,1
24.15,24.06180610656738,22.550301698714332,36.09109000000001,0,0,0,1
24.07,23.9147159576416,18.513898780767647,33.76029,0,0,0,1
23.55,23.789657211303712,23.069786286951608,38.30437000000001,0,0,0,1
24.07,26.24767894744873,31.616488224720513,44.321189999999994,0,0,1,1
23.56,23.73215732574463,23.616234587888265,41.495490000000004,0,0,0,1
23.99,24.61754627227783,28.517717970595662,37.393049999999995,0,0,0,1
23.43,23.590802574157713,19.06054959867465,36.00375,0,0,0,1
23.95,23.718670654296876,23.142125131435854,37.20705,0,0,0,1
23.46,23.85520248413086,25.581897898119813,40.59013,0,0,0,1
23.9,24.258234405517577,26.391351055889043,40.334830000000004,0,0,0,1
23.51,23.829048728942873,28.497379124986274,44.77669,0,0,0,1
24.01,24.631956100463867,29.10034130175736,40.711929999999995,0,0,0,1
23.52,23.954526710510255,24.729504707924995,38.18515,0,0,0,1
23.96,24.972587394714356,28.767447891038124,35.575489999999995,0,0,0,1
23.41,23.75744209289551,24.676536101632518,40.193589999999986,0,0,0,1
23.93,24.79833984375,28.287078902183577,41.49903,0,0,0,1
23.46,23.93996982574463,24.524758736049264,37.51907,0,0,0,1
23.89,24.493581008911132,28.142197127543604,39.32501,0,0,0,1
23.51,23.892409324645996,24.644517996994956,40.52535000000002,0,0,0,1
24.01,24.844348907470703,32.046481101975644,45.513549999999995,0,0,1,1
23.53,23.943729972839357,23.889152029345084,37.923950000000005,0,0,0,1
23.97,25.323268699645997,28.94258012332306,36.09989,0,0,0,1
23.41,23.77695503234863,22.541405376680167,37.63155,0,0,0,1
23.93,24.44737319946289,30.616723231330887,44.91327000000001,0,0,1,1
23.44,23.97582874298096,24.414110261102444,37.24391,0,0,0,1
23.87,23.90970458984375,25.67102636428487,39.237470000000016,0,0,0,1
23.84,24.17071876525879,29.020151435125776,46.10085,0,0,0,1
24.11,23.730600357055664,25.203271655289036,36.06951000000001,0,0,0,1
24.09,23.88932361602783,22.64075239270315,38.54621,0,0,0,1
23.67,23.962221908569337,24.446959561015184,39.98991000000001,0,0,0,1
23.87,23.83331127166748,23.560888214191678,39.62975,0,0,0,1
25.08,24.548645973205566,27.487104991377173,35.08399000000001,0,0,0,1
25.04,24.322387313842775,25.618187857524724,35.372170000000004,0,0,0,1
24.71,24.416654205322267,25.341986046136903,34.830850000000005,0,0,0,1
24.86,24.931664848327635,29.222822969451972,37.50507000000002,0,0,0,1
25.31,24.331144714355467,26.14641048493911,33.98004999999999,0,0,0,1
33.75,26.458649253845216,25.938157630878624,26.264550000000003,1,0,0,0
33.8,25.415970230102538,24.807716224149924,26.204230000000003,1,0,0,0
35.1,25.45084629058838,22.61020313978073,22.70759000000001,1,0,0,0
37.2,25.88951168060303,28.825185742797554,33.295849999999994,1,0,0,1
36.5,24.427708435058594,23.34526454038575,28.89683,1,0,0,0
33.7,24.455150032043456,24.700236116319445,31.226550000000003,1,0,0,1
33.9,23.87076892852783,19.67591452891528,25.660970000000006,1,0,0,0
33.6,24.94943771362305,24.228799435251638,29.908690000000004,1,0,0,0
33.6,24.129235076904298,20.309900911258236,28.24775,1,0,0,0
22.03,28.485013961791992,28.431665890612898,32.874210000000005,0,0,0,1
23.383,24.966810035705567,21.589427790167843,26.942270000000008,0,0,0,0
22.576,24.485875129699707,26.2773010003213,32.80599,0,0,0,1
22.797,24.94244804382324,24.155228578561356,29.30987000000001,0,0,0,0
21.809,26.88370304107666,27.487332901714108,30.928950000000007,0,0,0,1
23.552,24.43378963470459,20.322596312429788,27.544330000000002,0,0,0,0
50.0,26.8591588973999,34.76535362688167,55.572570000000006,1,0,1,1
50.0,40.52944984436035,36.76728318502514,54.59325000000001,1,1,1,1
39.2,34.31305370330811,33.47135244332671,40.88653,1,1,1,1
37.85,24.521231269836427,24.671392734581087,30.52803,1,0,0,1
37.7,24.34696273803711,33.18575443653533,33.91810999999999,1,0,1,1
35.8,27.30754451751709,31.833111117370244,39.32837,1,0,1,1
25.42,26.923733520507813,30.183270041688978,37.529250000000005,0,0,1,1
37.3,31.84077262878418,32.65507096082057,27.509230000000017,1,1,1,0
37.35,30.920893096923827,33.826596588763344,32.47917000000001,1,1,1,1
37.25,24.42169761657715,26.59808871609862,29.79121,1,0,0,0
24.954,25.174416542053223,30.211570809685192,37.404410000000006,0,0,1,1
23.937,28.27035617828369,33.84138309061012,38.089789999999994,0,0,1,1
24.429,29.987632942199706,35.080162820385674,29.413450000000005,0,0,1,0
21.49,25.717460060119627,31.528959132963983,33.33673,0,0,1,1
21.238,25.110982513427736,26.592675883708228,27.649790000000003,0,0,0,0
20.733,25.750220108032227,32.28382528020842,34.26303,0,0,1,1
23.003,29.285239219665527,33.944648856016,37.42969,0,0,1,1
23.223,30.235088539123534,34.596700381060224,38.69586999999999,0,1,1,1
21.731,26.223387718200684,29.661144490255555,29.458370000000013,0,0,0,0
22.38,25.10050277709961,31.848470486578197,29.932030000000005,0,0,1,0
22.73,25.007073211669923,31.260267042016284,30.347510000000007,0,0,1,1
24.03,23.999603843688966,29.08698575064448,30.316270000000003,0,0,0,1
24.62,24.762188339233397,29.596339599438313,26.841089999999994,0,0,0,0
20.18,24.491905212402344,27.852813625104396,34.75143000000001,0,0,0,1
20.54,30.192722892761232,34.05790142916662,37.45375,0,1,1,1
22.07,24.31005268096924,29.57146004839671,39.00327,0,0,0,1
