r2,rmse,mae,spearman,condition,condition_display,seed,n_real,n_synthetic,n_train_mix,n_test,features,synthetic_sampling_method,cv_r2_mean,cv_r2_sd_population,runtime_seconds,config_hash
0.7408859217450339,4.766308016785,3.0832337172135063,0.8759268413247651,full,Full,0,52,26,130,23,"['DLS Interaction Parameter kD (mL/g)', 'SE-UHPLC Main Peak Plates (EP)', 'AC-SINS λmax (nm)', 'SE-UHPLC Main Peak FWHM (min)']",sample(num_rows); random_state argument unsupported,0.6210223088946728,0.1892040244821696,60.926997661590576,f7f3378d14de15b16c5b3bec9ac7d3dcebd54dca4bf0ce243821c6a37fd74861
0.712128945922085,5.023837678196564,3.331009599436884,0.8780827807398144,full,Full,1,52,26,130,23,"['DLS Interaction Parameter kD (mL/g)', 'SE-UHPLC Main Peak Plates (EP)', 'AC-SINS λmax (nm)', 'SE-UHPLC Main Peak FWHM (min)']",sample(num_rows); random_state argument unsupported,0.5824012125953193,0.16958337194070322,56.52795076370239,493cd66e09a60f60139e01ee98113bb590a6cf511ec6e5954b957375aa087883
0.7329514272095388,4.838733800751107,3.291633647421132,0.8643439848747808,full,Full,2,52,26,130,23,"['DLS Interaction Parameter kD (mL/g)', 'SE-UHPLC Main Peak Plates (EP)', 'AC-SINS λmax (nm)', 'SE-UHPLC Main Peak FWHM (min)']",sample(num_rows); random_state argument unsupported,0.6866013929422,0.07015723460569169,54.86336088180542,2dd93e9c47576fa5d42e96fa9e1ea57f7de41902aac112b6e7de34bbbfb48fdf
0.6337944654592766,5.666293309506733,3.674060340549635,0.8485298010463114,full,Full,3,52,26,130,23,"['DLS Interaction Parameter kD (mL/g)', 'SE-UHPLC Main Peak Plates (EP)', 'AC-SINS λmax (nm)', 'SE-UHPLC Main Peak FWHM (min)']",sample(num_rows); random_state argument unsupported,0.30673464280173357,0.760368316143448,44.83606481552124,f0561655fb9570ef0de2eb541ebaa76a244744b058a166aca6ee271441d904e9
0.7280961099999991,4.882523139407223,2.9231091955433723,0.9050914483440435,full,Full,4,52,26,130,23,"['DLS Interaction Parameter kD (mL/g)', 'SE-UHPLC Main Peak Plates (EP)', 'AC-SINS λmax (nm)', 'SE-UHPLC Main Peak FWHM (min)']",sample(num_rows); random_state argument unsupported,0.6610049866297599,0.16106853251366354,55.17406439781189,0d5197cc2cd1c63794255dedb2c7f468de0fd3d4ac57cf153dd4cc56de5fc62a
0.5955009764288675,5.955186110717167,4.079077330879543,0.7736035590706871,top2,"Top2 (kD, Plates)",0,52,26,130,23,"['DLS Interaction Parameter kD (mL/g)', 'SE-UHPLC Main Peak Plates (EP)']",sample(num_rows); random_state argument unsupported,0.5306260825270984,0.13947219638139988,57.54363512992859,a1afb8090da67ff711c00aabc3e572c98c663ae652f4b4015bdd2e2edcf6f696
0.6006764973569253,5.916965481258057,4.082997803066088,0.7832759896770115,top2,"Top2 (kD, Plates)",1,52,26,130,23,"['DLS Interaction Parameter kD (mL/g)', 'SE-UHPLC Main Peak Plates (EP)']",sample(num_rows); random_state argument unsupported,0.2657732927289649,0.42602457209305583,40.19289207458496,c94b64e17b9d4f5d405ea6e210065136eee1804c7f913b9181f491f8a3e0f740
0.39889812672618097,7.2595657072039685,5.140921609298042,0.7794264059033195,top2,"Top2 (kD, Plates)",2,52,26,130,23,"['DLS Interaction Parameter kD (mL/g)', 'SE-UHPLC Main Peak Plates (EP)']",sample(num_rows); random_state argument unsupported,0.6017794690319838,0.10950283839334159,62.982972383499146,62712ddd07d37cf1740e3bc6abb758a488dd2e26c38494b60d44cad4c795efe0
0.5934814633387435,5.970033615785918,4.081680530050527,0.7951569306252272,top2,"Top2 (kD, Plates)",3,52,26,130,23,"['DLS Interaction Parameter kD (mL/g)', 'SE-UHPLC Main Peak Plates (EP)']",sample(num_rows); random_state argument unsupported,0.5102732324427602,0.13131309133167565,41.40665817260742,9db911844f77074c8baea65aaba040443035d5edd86640f05790854b542c2ac0
0.6427280083507926,5.59675228507019,3.877750877712084,0.7843720049255486,top2,"Top2 (kD, Plates)",4,52,26,130,23,"['DLS Interaction Parameter kD (mL/g)', 'SE-UHPLC Main Peak Plates (EP)']",sample(num_rows); random_state argument unsupported,0.4221665153672317,0.2825195214290656,48.47837829589844,7045a45e56d8c5f1e3d950f272640b211985c2281eb9339008cc2a6dc438da98
0.5228923678934667,6.467624264065128,4.526853296031121,0.6921365831609744,ht_assays,HT assays,0,52,26,130,23,"['DLS Interaction Parameter kD (mL/g)', 'AC-SINS λmax (nm)']",sample(num_rows); random_state argument unsupported,0.517918223733326,0.15694938703493685,51.28987264633179,412a6831d9390750d094f495c06cdd0b3bb4eaf6079dfb3af1e98f454d5184ee
0.506228396852229,6.579602466670735,4.4245930464371375,0.6613939693524468,ht_assays,HT assays,1,52,26,130,23,"['DLS Interaction Parameter kD (mL/g)', 'AC-SINS λmax (nm)']",sample(num_rows); random_state argument unsupported,0.5118337223059509,0.1282014740427537,60.79217791557312,e626aa719328b738cf38fb917d641d1433b965cd1468abc98a8c85eab9a0fdbd
0.5338446437535223,6.392959293521332,4.296650604579759,0.6782094372670937,ht_assays,HT assays,2,52,26,130,23,"['DLS Interaction Parameter kD (mL/g)', 'AC-SINS λmax (nm)']",sample(num_rows); random_state argument unsupported,0.5114017125961468,0.1438487552019787,64.26461386680603,72b24b61c29761995c9bb6d928140abc60c4dd87c7906f11520a46b3602d9efd
0.44137935062314637,6.9983408773692535,4.735629181239916,0.6654298585426387,ht_assays,HT assays,3,52,26,130,23,"['DLS Interaction Parameter kD (mL/g)', 'AC-SINS λmax (nm)']",sample(num_rows); random_state argument unsupported,0.4060783737629614,0.18690584165587792,56.58988833427429,37fc988e4f64c9867ba0c0ac58c7af7e4c120edd3868579e19f88124a36eda7d
0.5506183110297687,6.276886646255944,4.31248840663744,0.7199011344836945,ht_assays,HT assays,4,52,26,130,23,"['DLS Interaction Parameter kD (mL/g)', 'AC-SINS λmax (nm)']",sample(num_rows); random_state argument unsupported,0.391470556640568,0.2973042860906584,64.89882802963257,db9910b4020610e3f65039671c8a6d764b0ec2f0502e877cf7de8551e78eec03
0.28177105669764,7.935385890654641,4.997797468434209,0.5960445175962182,no_kd,No kD,0,52,26,130,23,"['SE-UHPLC Main Peak Plates (EP)', 'AC-SINS λmax (nm)', 'SE-UHPLC Main Peak FWHM (min)']",sample(num_rows); random_state argument unsupported,0.35190080077858693,0.17403360469998735,65.0928246974945,710aba7df1be4b145c4e2778f557406bdd52ba499570c68060f017d8ecbc6889
0.28232046775015796,7.932350213220663,5.165202107636824,0.5635195254572417,no_kd,No kD,1,52,26,130,23,"['SE-UHPLC Main Peak Plates (EP)', 'AC-SINS λmax (nm)', 'SE-UHPLC Main Peak FWHM (min)']",sample(num_rows); random_state argument unsupported,0.29350931458041085,0.2537068981751768,61.56697869300842,dd4804c10ebcb297bafc54276241a62544b6db096fa48289b2bfe3bafc88408a
0.297522408786846,7.847888736947067,5.032136386373767,0.5313890261987148,no_kd,No kD,2,52,26,130,23,"['SE-UHPLC Main Peak Plates (EP)', 'AC-SINS λmax (nm)', 'SE-UHPLC Main Peak FWHM (min)']",sample(num_rows); random_state argument unsupported,0.3014283104677887,0.16690465868253831,46.33850336074829,dafac56804761f75b69875d83c7bf4c76166243f8c1f3279741c4fadbdcb7938
0.31006545859484425,7.777509386434286,5.217849283633024,0.5392980721700444,no_kd,No kD,3,52,26,130,23,"['SE-UHPLC Main Peak Plates (EP)', 'AC-SINS λmax (nm)', 'SE-UHPLC Main Peak FWHM (min)']",sample(num_rows); random_state argument unsupported,0.2583873932147528,0.26659587484683356,57.58562612533569,b1d7e4fe5970dc40ad1ea8fd0c6d4343d122a47da2ea8ac6ea52cbb656d3c8e2
0.25825979609446614,8.064222639826115,5.099940606822137,0.532871972318339,no_kd,No kD,4,52,26,130,23,"['SE-UHPLC Main Peak Plates (EP)', 'AC-SINS λmax (nm)', 'SE-UHPLC Main Peak FWHM (min)']",sample(num_rows); random_state argument unsupported,0.2571554702383893,0.251502822130146,59.65169024467468,d841825e003952989db4b5ff521a9249f3789e90ffa73eb49c9cbcaecd596d3a
