mAb_id,condition,seed,true_viscosity,predicted_viscosity,fold_1_prediction_own_scale,fold_1_prediction_scaled,fold_2_prediction_own_scale,fold_2_prediction_scaled,fold_3_prediction_own_scale,fold_3_prediction_scaled,fold_4_prediction_own_scale,fold_4_prediction_scaled,fold_5_prediction_own_scale,fold_5_prediction_scaled
VIS_052,full,0,12.2,11.150875,10.39244,0.3077064,10.9,0.3254845,11.858546,0.44512242,12.1,0.51390254,10.281577,0.24180394
VIS_053,full,0,10.8,10.9,10.9,0.3552797,10.3,0.24126618,10.4,0.36354536,12.007379,0.49594083,10.566855,0.30978334
VIS_054,full,0,10.4,12.138111,10.9,0.3702896,14.6,0.46200174,9.9,0.28848284,12.1,0.5105342,13.1,0.4568366
VIS_055,full,0,17.8,21.582266,27.3,0.8259095,20.758976,0.6969146,21.7,0.7721518,26.613218,0.8403515,15.725233,0.5901539
VIS_056,full,0,9.1,10.264351,9.268601,0.21109581,10.037674,0.21410191,10.3,0.34248504,9.1,0.20529853,10.024207,0.23313828
VIS_057,full,0,40.0,45.115555,45.22189,0.9600696,45.0,0.9563276,45.9,0.97067535,45.0,0.95184195,45.53049,0.9655498
VIS_058,full,0,10.8,10.3,9.9,0.24006599,10.189448,0.21948397,9.36351,0.27533755,10.0,0.3126289,10.339833,0.2767508
VIS_059,full,0,7.6,10.374764,8.9,0.17094456,10.6,0.30786934,9.224392,0.2559804,10.3,0.33286726,10.9,0.3337345
VIS_060,full,0,20.1,21.7,31.353437,0.8777002,21.7,0.7319736,21.7,0.7740341,21.726017,0.792954,16.818266,0.62490284
VIS_061,full,0,25.9,21.7,34.2,0.92431545,22.86809,0.77778786,21.201239,0.7596392,21.8,0.8062335,14.6,0.5335404
VIS_062,full,0,8.4,12.10973,11.942229,0.40118238,11.910609,0.3569473,12.1,0.4801833,14.47344,0.5699219,10.335636,0.2763269
VIS_063,full,0,12.6,11.7,10.574658,0.33772966,13.060703,0.4138485,10.9,0.39965945,10.563072,0.37743548,10.9,0.34017062
VIS_064,full,0,30.1,27.305977,28.465004,0.84324473,30.5765,0.8637367,34.2,0.9398163,30.174097,0.88128024,19.7,0.71468174
VIS_065,full,0,25.6,26.4,27.467758,0.8317702,27.3,0.8174311,23.31112,0.8350168,29.182953,0.8665043,22.7,0.8023092
VIS_066,full,0,15.0,13.1,12.143983,0.4270916,14.8,0.5036934,12.757119,0.52060384,11.913209,0.48158136,11.7,0.37717646
VIS_067,full,0,9.9,10.068308,9.372242,0.22045127,10.547972,0.29233745,9.3,0.2691164,8.144579,0.107592285,10.4,0.28361833
VIS_068,full,0,42.1,26.580694,31.050179,0.8741156,27.9343,0.82664657,27.3,0.86808056,29.598408,0.8729906,21.7,0.76022613
VIS_069,full,0,16.8,16.536966,16.6,0.61814046,19.7,0.6712297,15.866736,0.6400648,15.3,0.6165712,13.726393,0.47368532
VIS_070,full,0,13.8,17.6,21.2,0.69962883,17.1,0.61863106,22.7,0.815667,17.901697,0.70667744,14.174551,0.5090123
VIS_071,full,0,13.9,12.850698,14.6,0.5060672,12.0,0.36186904,12.0,0.45513147,14.6,0.5731752,10.9,0.3398369
VIS_072,full,0,11.9,10.946217,11.771091,0.39054164,10.5,0.27680525,10.055171,0.319076,12.1,0.51123464,10.606225,0.32344192
VIS_073,full,0,11.4,16.80885,18.824938,0.66696143,21.49368,0.71901447,17.6,0.6915898,12.59406,0.539494,13.935922,0.50556886
VIS_074,full,0,15.2,26.82387,28.507524,0.8436971,28.234571,0.830155,23.496746,0.8374172,30.574492,0.8874879,24.016787,0.81694806
VIS_052,full,1,12.2,10.9,10.454128,0.41368654,11.287627,0.39457405,10.9,0.33472073,10.9,0.34390822,10.11224,0.23851156
VIS_053,full,1,10.8,10.9,11.7,0.46625343,10.463831,0.3225085,11.325684,0.3523684,10.709966,0.3196479,10.530204,0.3092045
VIS_054,full,1,10.4,12.260195,14.6,0.5800621,9.24085,0.21546845,12.0,0.3919372,14.85504,0.5292126,12.874092,0.45342073
VIS_055,full,1,17.8,19.7,16.338888,0.65438396,18.857851,0.68137836,19.581642,0.6776348,20.23549,0.6984947,21.738148,0.7589946
VIS_056,full,1,9.1,10.3,9.984217,0.33512416,9.1,0.20103519,10.3,0.25168705,10.301554,0.26332143,9.9,0.21165057
VIS_057,full,1,40.0,32.454773,34.2,0.91649604,34.82299,0.9163967,33.097023,0.9081399,32.063526,0.8988997,45.9,0.977602
VIS_058,full,1,10.8,10.4,10.3291855,0.39073318,9.4,0.23013067,10.408354,0.2763626,10.432662,0.28764862,10.140826,0.23948388
VIS_059,full,1,7.6,10.435629,10.411861,0.4093736,9.621582,0.23741005,10.299508,0.24488121,10.711964,0.31971803,10.01978,0.23536667
VIS_060,full,1,20.1,19.214993,18.90697,0.7198349,21.7,0.7255872,16.6,0.61434567,19.609337,0.6899651,17.081783,0.6322813
VIS_061,full,1,25.9,17.235794,15.2120695,0.6296622,15.0,0.56204695,19.7,0.685817,14.898957,0.53152406,24.79623,0.819092
VIS_062,full,1,8.4,10.9,11.545421,0.457212,10.9,0.37329343,10.9,0.3219805,9.815046,0.20873782,11.886021,0.402348
VIS_063,full,1,12.6,11.7,11.875487,0.48344323,10.588375,0.3461448,11.7,0.3665729,12.280464,0.39580575,10.5,0.29638427
VIS_064,full,1,30.1,28.761497,19.684565,0.7339063,45.0,0.93068695,38.042076,0.9219974,30.666517,0.86753994,28.502678,0.8602314
VIS_065,full,1,25.6,22.771421,22.271662,0.8114701,29.2261,0.83203685,22.951822,0.78742737,22.7,0.78469384,22.067156,0.7785392
VIS_066,full,1,15.0,12.866731,12.855113,0.5447733,11.73267,0.40343893,12.0,0.39066517,14.059595,0.47608414,12.787161,0.45120308
VIS_067,full,1,9.9,10.9,11.7,0.4658512,9.775252,0.24145402,10.9,0.32454583,12.582031,0.40638706,11.7994585,0.39790395
VIS_068,full,1,42.1,26.484468,27.3,0.84548175,27.995531,0.824906,31.403816,0.88326323,22.7,0.77459854,28.500809,0.8602123
VIS_069,full,1,16.8,13.8,12.711738,0.54111576,14.8774185,0.5546689,13.8,0.48712844,12.174239,0.39207858,12.1,0.42582372
VIS_070,full,1,13.8,17.426773,14.6,0.57204956,15.0,0.5606066,21.527811,0.73117983,14.8,0.52603686,28.26023,0.85775745
VIS_071,full,1,13.9,12.4084635,12.372169,0.5194615,12.019399,0.43362087,12.884267,0.45368028,12.0313225,0.37171817,12.084993,0.41683602
VIS_072,full,1,11.9,10.9,11.619418,0.45815584,10.6,0.35413188,11.7,0.35964876,10.9,0.33044806,10.6,0.31662712
VIS_073,full,1,11.4,14.6,13.252331,0.55205667,16.83183,0.62593323,14.6,0.5091508,13.8,0.44297025,13.845119,0.4943999
VIS_074,full,1,15.2,26.488764,27.3,0.8430175,30.566923,0.8543927,28.994967,0.8550507,25.102951,0.80432034,26.4,0.83192414
VIS_052,full,2,12.2,10.841453,13.8,0.5084746,9.998534,0.23943064,9.669268,0.26066783,10.717519,0.36759323,10.3,0.24514106
VIS_053,full,2,10.8,11.005691,9.9,0.25269705,11.937108,0.37281626,11.360846,0.4140414,10.548029,0.3482858,11.552567,0.35595483
VIS_054,full,2,10.4,13.8,12.457949,0.45950174,17.1,0.6358087,11.775389,0.43626416,10.9,0.3910525,14.097699,0.48812762
VIS_055,full,2,17.8,21.2,21.7,0.7329402,15.003071,0.55218995,24.827063,0.82219267,20.821743,0.7331284,21.573002,0.7315564
VIS_056,full,2,9.1,10.425645,10.9,0.37133172,10.3,0.25120547,9.657195,0.25805774,10.0,0.26307246,10.3,0.23825093
VIS_057,full,2,40.0,45.108017,45.72823,0.95541644,31.379856,0.8805539,48.8,0.9958081,45.0,0.94888824,45.9,0.9624919
VIS_058,full,2,10.8,10.455034,9.969601,0.26272345,10.466562,0.29860023,10.137256,0.31079102,10.146994,0.27767655,10.3,0.24759515
VIS_059,full,2,7.6,10.4,12.0,0.40828645,9.700263,0.2145888,9.368397,0.23146905,9.776931,0.23993799,10.281904,0.23094402
VIS_060,full,2,20.1,21.7,22.984774,0.7892537,21.691011,0.7289794,21.209644,0.7450948,19.537123,0.69884455,21.7,0.7532144
VIS_061,full,2,25.9,21.351921,22.7,0.78470904,14.6,0.4958537,26.4,0.8288824,21.135715,0.73665226,22.39497,0.7652102
VIS_062,full,2,8.4,11.7,11.513409,0.38049746,10.9,0.3379884,11.0398035,0.40994647,14.050006,0.5173161,9.4,0.19288322
VIS_063,full,2,12.6,10.588881,9.347623,0.2284705,10.34521,0.27554268,9.935732,0.28936043,10.9,0.37599984,11.182853,0.35109016
VIS_064,full,2,30.1,32.595097,30.774435,0.8690009,27.891333,0.8610108,45.0,0.9639041,31.850832,0.9094859,28.934889,0.84984094
VIS_065,full,2,25.6,29.482342,31.8,0.888543,24.64982,0.7961374,31.8,0.9178033,23.40155,0.81280506,30.430296,0.872636
VIS_066,full,2,15.0,13.597547,15.3111515,0.58540297,14.962868,0.529316,12.1,0.47535318,10.506558,0.34409678,12.1,0.4190302
VIS_067,full,2,9.9,10.540124,9.060668,0.21067381,13.8,0.45078006,10.827864,0.38530147,10.3,0.29074928,9.1,0.15729737
VIS_068,full,2,42.1,33.340183,33.344635,0.9066212,26.4,0.8166126,45.0,0.95984536,30.674673,0.8932998,34.2,0.90879685
VIS_069,full,2,16.8,14.607643,16.3,0.6079705,13.1,0.4355841,12.668806,0.50914305,12.637054,0.4726281,15.0,0.55563277
VIS_070,full,2,13.8,17.6,30.1429,0.8562751,15.096077,0.5554193,18.153406,0.69308513,13.884441,0.50347894,17.1,0.63135797
VIS_071,full,2,13.9,12.320513,9.990774,0.26497602,13.561217,0.44436336,12.268771,0.48533234,12.861919,0.47883636,13.584343,0.47044125
VIS_072,full,2,11.9,10.917042,9.378758,0.23178282,11.900487,0.3715447,10.9,0.39684805,10.6,0.35740092,11.713675,0.3803868
VIS_073,full,2,11.4,14.446161,21.334053,0.71561813,13.8,0.45693368,12.0,0.45356637,10.303419,0.30337566,14.8,0.53406936
VIS_074,full,2,15.2,32.724712,32.121094,0.89624465,26.4,0.8163989,45.0,0.9684653,29.476347,0.8733392,34.072403,0.9040421
VIS_052,full,3,12.2,10.9,10.5,0.36677912,10.9,0.32868603,11.561238,0.37452027,11.642029,0.40782297,10.480406,0.32453117
VIS_053,full,3,10.8,11.835611,11.9027405,0.45223567,12.311359,0.41175035,10.6,0.32094705,10.9,0.3826167,12.808161,0.48235103
VIS_054,full,3,10.4,14.8,47.830322,0.97764784,12.580908,0.4213088,11.7,0.37823886,17.1,0.63921016,11.774698,0.40558147
VIS_055,full,3,17.8,16.6,17.03411,0.68186355,14.6,0.5190923,21.265192,0.7240632,30.268108,0.856653,14.682292,0.555219
VIS_056,full,3,9.1,10.0,10.223693,0.3044123,10.811815,0.29474524,9.920234,0.21982516,10.223577,0.28758338,10.0,0.27802217
VIS_057,full,3,40.0,47.617775,48.8,1.00569,46.169437,0.96918756,45.783146,0.9690115,48.8,1.0464457,36.79354,0.94133216
VIS_058,full,3,10.8,10.5,10.4,0.35633704,11.703055,0.35171667,10.3,0.2548342,10.478576,0.33102965,10.627949,0.3399987
VIS_059,full,3,7.6,10.3,9.9,0.2817694,11.212862,0.33394763,10.3,0.25654006,10.6,0.3628718,9.960659,0.27149582
VIS_060,full,3,20.1,21.453161,21.2,0.7680471,21.331911,0.7155726,17.798687,0.656469,22.7,0.7670743,22.7,0.7921394
VIS_061,full,3,25.9,15.127175,14.8,0.60252553,12.034299,0.38662758,19.151281,0.67453665,26.4,0.79833716,13.8,0.5187849
VIS_062,full,3,8.4,10.9396515,12.983308,0.52186406,9.4,0.17491163,11.7116375,0.38729087,10.5,0.33486924,12.37283,0.45825955
VIS_063,full,3,12.6,12.0,10.880688,0.40530324,12.1655035,0.40657812,12.418278,0.43943092,12.878087,0.48046216,10.942564,0.37603343
VIS_064,full,3,30.1,22.7,17.68365,0.71342343,22.461338,0.7631364,30.44619,0.860625,30.32578,0.8575389,22.172697,0.7797358
VIS_065,full,3,25.6,28.583748,45.0,0.9386034,26.425941,0.81945556,27.052507,0.8190595,31.42869,0.8772842,31.248531,0.9019108
VIS_066,full,3,15.0,12.599505,12.18206,0.48785678,13.865349,0.47503716,12.8745775,0.45976678,15.0,0.5456761,11.885615,0.41253138
VIS_067,full,3,9.9,10.941453,10.9,0.40806076,12.1,0.40136996,10.6,0.31947705,12.355563,0.46077287,10.106978,0.289353
VIS_068,full,3,42.1,27.953194,45.89839,0.96037835,21.820763,0.7555646,29.380024,0.84455484,30.701918,0.86564296,30.84682,0.8966026
VIS_069,full,3,16.8,14.6,12.975855,0.5216796,13.839507,0.47228798,16.3,0.59145945,12.4,0.4719492,15.3,0.6079966
VIS_070,full,3,13.8,12.732947,10.9,0.4072693,13.8,0.46619985,14.8,0.5470515,15.0,0.5450729,12.078368,0.43656817
VIS_071,full,3,13.9,12.514667,13.1,0.53082347,12.396654,0.41477498,11.923582,0.40215755,12.1,0.44610325,14.8225765,0.57258046
VIS_072,full,3,11.9,11.732612,11.7,0.43772107,12.086374,0.3921675,10.6,0.31899405,10.9,0.39212978,12.4,0.46542218
VIS_073,full,3,11.4,12.78804,12.054938,0.47078595,14.6,0.49543953,14.6,0.50045234,14.6,0.5218068,12.0,0.42070416
VIS_074,full,3,15.2,30.804049,45.922886,0.9703842,26.490576,0.8202196,30.791395,0.8685989,32.71463,0.9000383,31.8,0.9183165
VIS_052,full,4,12.2,12.1761265,11.528128,0.36328128,13.8922415,0.53771555,10.3,0.32250974,10.542816,0.3477592,10.9,0.31015372
VIS_053,full,4,10.8,11.89803,10.9,0.34576166,10.6,0.35118347,10.860179,0.3810516,10.5834465,0.35186332,11.7,0.34172422
VIS_054,full,4,10.4,12.673366,10.452133,0.30668104,11.789231,0.44127226,11.912586,0.44669542,11.557923,0.4022465,13.273297,0.4236586
VIS_055,full,4,17.8,19.328636,13.861831,0.46901405,16.6,0.67911726,22.101288,0.79739964,21.39913,0.71109354,19.7,0.6892486
VIS_056,full,4,9.1,10.4,10.3,0.27152678,10.215345,0.28311402,9.353076,0.25030154,9.4,0.22608344,10.466586,0.27016693
VIS_057,full,4,40.0,45.9,45.617764,0.96436995,48.8,1.0167317,45.15062,0.96242505,45.0,0.926178,45.638214,0.9548329
VIS_058,full,4,10.8,10.580267,10.599778,0.32255682,9.488352,0.24208368,9.4,0.2587855,10.180828,0.27881575,10.9,0.308425
VIS_059,full,4,7.6,10.4,10.634701,0.3238244,8.9,0.17801371,9.186982,0.22975403,9.960261,0.25861228,10.9,0.31117368
VIS_060,full,4,20.1,21.08416,17.888065,0.65032375,21.74481,0.79277027,20.65963,0.74901557,22.7,0.7581569,16.640566,0.62190664
VIS_061,full,4,25.9,17.615103,11.7,0.3735353,19.47124,0.73721117,28.42313,0.86493266,20.757362,0.6920018,16.3,0.59600693
VIS_062,full,4,8.4,11.183659,9.392238,0.21421914,11.7,0.41272745,10.9,0.394188,12.079992,0.4323224,10.0,0.19678366
VIS_063,full,4,12.6,12.091467,11.894242,0.38330618,11.547976,0.40201893,10.4,0.33754188,10.6,0.3585837,11.9506645,0.35616365
VIS_064,full,4,30.1,30.977451,27.974026,0.8252572,31.342976,0.9071154,30.972452,0.90275,45.0,0.9413839,19.7,0.69118106
VIS_065,full,4,25.6,27.58406,26.4,0.7879209,27.160337,0.8638925,26.7162,0.8465817,29.492714,0.8534127,21.940737,0.7700671
VIS_066,full,4,15.0,14.8,13.835986,0.46623507,17.101547,0.69233745,11.072974,0.40408057,14.6,0.5174782,13.8,0.4322002
VIS_067,full,4,9.9,11.7,12.50735,0.42665502,10.9,0.3656363,8.953683,0.20140058,10.6,0.3546903,12.115928,0.37006617
VIS_068,full,4,42.1,31.387007,26.030323,0.7831394,45.0,0.95397276,31.562712,0.90917987,31.8,0.88056797,21.76539,0.764778
VIS_069,full,4,16.8,14.846479,12.297141,0.42288783,16.791647,0.6863778,13.957782,0.5509532,14.8,0.53634226,12.788755,0.40584594
VIS_070,full,4,13.8,15.3,13.863276,0.46916944,21.661474,0.77810526,17.339598,0.67136467,14.920871,0.55155915,13.219094,0.42284352
VIS_071,full,4,13.9,14.0218725,10.927806,0.35521245,12.4,0.4844156,13.5810995,0.53614986,12.4,0.46846032,12.238373,0.3808848
VIS_072,full,4,11.9,12.04835,10.9,0.3486792,10.6,0.3498205,10.9,0.39065167,10.9,0.37927365,11.7,0.34649628
VIS_073,full,4,11.4,15.028376,13.9,0.48082057,31.11262,0.9039167,10.766215,0.3779809,15.0,0.5575923,13.130402,0.4215098
VIS_074,full,4,15.2,31.8,27.35802,0.8178975,45.0,0.957452,30.596104,0.89451236,31.168783,0.8717035,27.3,0.81390244
VIS_052,top2,0,12.2,13.433791,13.9,0.49099556,13.8,0.49573645,14.8,0.5902417,14.2567215,0.5871344,13.071127,0.51991713
VIS_053,top2,0,10.8,9.88405,9.9,0.22450128,9.635784,0.24607663,9.244663,0.27969018,9.363245,0.23632446,10.3,0.2872901
VIS_054,top2,0,10.4,14.433928,13.454512,0.46435148,15.3,0.56937903,12.1,0.50482684,21.2,0.78073925,17.124104,0.6739613
VIS_055,top2,0,17.8,22.104706,26.716433,0.8403224,22.7,0.8036796,27.3,0.8805326,21.65177,0.8051769,21.738106,0.82021487
VIS_056,top2,0,9.1,9.349702,8.9,0.17652918,9.266517,0.20695145,9.247863,0.2798826,9.4,0.24321951,9.4,0.24122424
VIS_057,top2,0,40.0,48.617596,45.0,0.96436924,45.0,0.96381956,45.540474,0.9679295,48.8,1.0551984,48.8,1.0454745
VIS_058,top2,0,10.8,9.748448,9.455339,0.21541509,9.43892,0.24247107,9.3,0.28512433,9.364532,0.23645326,10.14911,0.28058195
VIS_059,top2,0,7.6,10.620932,10.38893,0.30499285,10.5,0.3378087,10.561668,0.3926102,10.9,0.42663518,10.853195,0.38536713
VIS_060,top2,0,20.1,19.7,21.2,0.7318619,20.860085,0.72216195,17.6,0.70032954,17.964329,0.7040481,26.4,0.86338747
VIS_061,top2,0,25.9,30.241041,26.491287,0.8377697,27.778158,0.8611848,38.246845,0.95636517,33.77899,0.9239856,30.848843,0.8993399
VIS_062,top2,0,8.4,10.6,10.301089,0.29602954,10.496154,0.32924765,10.512255,0.38794854,10.9,0.41711578,10.677531,0.3752583
VIS_063,top2,0,12.6,13.864551,14.597814,0.52029663,15.3,0.5812753,16.3,0.6450937,12.5098505,0.5401642,13.8,0.5522268
VIS_064,top2,0,30.1,22.7,26.4,0.828144,23.011292,0.8217388,27.3,0.8844451,21.77173,0.81717306,22.417162,0.8335279
VIS_065,top2,0,25.6,26.4,27.3,0.85023445,22.7238,0.8138407,22.872293,0.85312015,22.723665,0.85657877,43.791313,0.9376335
VIS_066,top2,0,15.0,13.9,14.6,0.5279423,15.3,0.5719771,15.436915,0.62587065,14.8,0.6018202,13.9,0.57354546
VIS_067,top2,0,9.9,13.224513,12.904106,0.45585215,13.488587,0.48961675,13.780968,0.56578124,15.3,0.6325672,13.1,0.5207942
VIS_068,top2,0,42.1,22.7,22.141237,0.78777313,32.53279,0.90583575,29.684244,0.893408,21.858837,0.8359106,21.601973,0.7961197
VIS_069,top2,0,16.8,11.801919,11.752,0.3895238,11.975603,0.42589045,11.7,0.44635722,11.992823,0.47928223,12.138704,0.47882345
VIS_070,top2,0,13.8,18.553104,15.3,0.5799797,19.450886,0.6721936,16.3,0.65054846,21.99916,0.8499164,20.413874,0.7768013
VIS_071,top2,0,13.9,10.4,10.5,0.32610354,10.3,0.30219787,10.328557,0.36118463,10.4,0.33058542,10.573346,0.35442305
VIS_072,top2,0,11.9,10.3,10.3,0.27706784,10.3,0.2789943,10.0,0.3127612,9.9,0.26694903,10.366865,0.32314953
VIS_073,top2,0,11.4,14.315499,14.6,0.5212029,17.040983,0.61988825,15.39047,0.62477523,14.418133,0.5904533,15.535677,0.62485385
VIS_074,top2,0,15.2,27.593836,28.132742,0.8636793,22.7,0.8040599,27.3,0.88142455,42.95899,0.9381102,32.70557,0.9120135
VIS_052,top2,1,12.2,13.216115,13.911527,0.5523054,12.0,0.4935337,12.4,0.4313631,13.1,0.46106446,15.3,0.63352066
VIS_053,top2,1,10.8,10.4,10.509287,0.40092865,10.4914665,0.37539276,10.488702,0.2647555,10.423122,0.29638457,9.9,0.22914013
VIS_054,top2,1,10.4,13.8,12.4,0.5166411,13.340244,0.5639701,13.9,0.5112857,15.3,0.58611304,13.1,0.50018245
VIS_055,top2,1,17.8,23.549036,22.738708,0.8409677,19.895014,0.72747594,34.142418,0.9140185,38.466885,0.925442,26.4,0.86805016
VIS_056,top2,1,9.1,10.024804,10.3,0.3589097,10.0,0.32494304,10.0,0.20957525,10.0,0.24040069,9.3,0.19375382
VIS_057,top2,1,40.0,31.8,48.8,0.99390954,19.815056,0.7235176,48.8,0.9949734,45.0,0.935415,48.8,1.0003072
VIS_058,top2,1,10.8,10.4,10.4,0.38934878,10.455091,0.3717912,10.442616,0.25985286,10.4,0.29040828,9.9,0.23440057
VIS_059,top2,1,7.6,10.9,10.445568,0.3945568,10.9,0.43213782,10.9,0.3362556,11.895862,0.38215008,10.9,0.4007697
VIS_060,top2,1,20.1,17.374004,20.161034,0.7653678,13.024592,0.5532111,20.983692,0.7208474,21.602089,0.76491064,17.666899,0.7066111
VIS_061,top2,1,25.9,22.541832,42.489708,0.93767565,19.741165,0.7169471,25.878958,0.8223966,28.210999,0.8696154,29.236692,0.8962764
VIS_062,top2,1,8.4,10.9,10.4,0.38951692,10.9,0.42736205,10.9,0.32913247,11.725063,0.3737776,10.9,0.39256224
VIS_063,top2,1,12.6,13.961466,15.0,0.60477275,12.410537,0.53569674,13.8,0.4948236,14.903748,0.54430133,16.319057,0.66728944
VIS_064,top2,1,30.1,22.597715,22.771017,0.8417754,19.926716,0.72904533,32.942493,0.90076655,32.795124,0.9060258,26.4412,0.8729978
VIS_065,top2,1,25.6,22.291891,45.0,0.94877845,16.572107,0.6426438,30.311586,0.87803054,27.626719,0.86520904,26.493444,0.8735669
VIS_066,top2,1,15.0,13.9,14.8,0.5827802,12.1,0.51442575,13.1,0.47143033,13.9,0.5001926,17.045729,0.6968256
VIS_067,top2,1,9.9,12.42643,13.327011,0.53908044,11.9,0.46598867,12.045166,0.39842188,12.1,0.42952922,14.206031,0.5818964
VIS_068,top2,1,42.1,22.265905,45.9,0.97433,17.6,0.6907264,22.893215,0.80301106,31.77255,0.8919122,22.395485,0.84454894
VIS_069,top2,1,16.8,12.077908,11.9,0.46770388,11.960922,0.48127943,12.13988,0.40703973,13.1,0.46508434,12.142718,0.47198427
VIS_070,top2,1,13.8,16.3,16.419296,0.65397656,16.3,0.6264336,17.074518,0.61431044,17.6,0.67620456,18.634455,0.7200802
VIS_071,top2,1,13.9,10.9,11.820639,0.45603195,10.9,0.42832884,10.9,0.3251144,10.9,0.3625106,10.354863,0.29949635
VIS_072,top2,1,11.9,10.6,10.854937,0.4184979,10.639927,0.40989378,10.784773,0.30238155,10.788299,0.3376617,10.3,0.27849695
VIS_073,top2,1,11.4,14.500635,15.0,0.6092026,13.157638,0.55673814,13.9,0.5199148,15.696327,0.5979492,16.6,0.68203694
VIS_074,top2,1,15.2,26.879719,48.8,0.994745,17.430498,0.67981184,33.58992,0.9056219,31.8,0.8960909,30.794146,0.9126038
VIS_052,top2,2,12.2,13.8203945,15.3,0.58078504,15.22801,0.59450525,12.0,0.46427536,13.9,0.5743784,12.4,0.49414292
VIS_053,top2,2,10.8,10.0,10.0,0.27893707,10.0,0.2869591,10.289621,0.31923097,10.031804,0.31037128,9.451767,0.2522819
VIS_054,top2,2,10.4,14.8,12.4,0.45919976,16.6,0.6625095,11.903826,0.45400265,22.854212,0.8457905,11.9,0.44842333
VIS_055,top2,2,17.8,27.756529,22.604239,0.842325,25.8993,0.83685124,45.0,0.9615164,21.89304,0.8192289,25.815437,0.82947034
VIS_056,top2,2,9.1,9.587622,9.733127,0.24652347,9.986154,0.2800451,9.545864,0.26073948,9.958363,0.2946766,9.4,0.24466497
VIS_057,top2,2,40.0,48.8,45.0,0.9509425,45.0,0.9667416,47.887245,0.98721445,48.8,1.1254816,38.15643,0.92546445
VIS_058,top2,2,10.8,10.0,10.0,0.27996096,9.976726,0.2781498,10.259374,0.31819153,10.01798,0.3098962,9.55103,0.26188722
VIS_059,top2,2,7.6,10.758803,10.5,0.35365552,10.7447605,0.36851045,10.9,0.41938156,10.9,0.44587922,10.5,0.3524241
VIS_060,top2,2,20.1,21.2,20.151073,0.74482894,15.3,0.6133011,22.82989,0.83839923,30.979832,0.8995298,17.828802,0.65454185
VIS_061,top2,2,25.9,34.2,28.169422,0.88196653,30.617756,0.89756924,48.8,1.0121886,27.378765,0.88683677,34.2,0.9149021
VIS_062,top2,2,8.4,10.6,10.5,0.3480972,10.569618,0.36056745,10.9,0.41253173,10.9,0.43779135,10.5,0.34848964
VIS_063,top2,2,12.6,14.8,15.807753,0.6060374,14.8,0.5819017,12.630913,0.5188647,13.879453,0.56489205,17.414663,0.6362846
VIS_064,top2,2,30.1,29.022472,22.816544,0.846785,26.4,0.8450454,45.0,0.97660995,21.960714,0.8227172,26.66358,0.84598726
VIS_065,top2,2,25.6,33.541885,21.964384,0.83147836,32.6057,0.9225829,33.016865,0.9249052,48.8,1.0139415,22.7,0.8048354
VIS_066,top2,2,15.0,16.934563,16.3,0.61459744,17.1,0.68560237,12.3391075,0.5030621,16.3,0.6334493,17.33915,0.63458765
VIS_067,top2,2,9.9,13.482299,15.180292,0.56876016,15.2179575,0.5943022,11.7,0.43646985,14.159308,0.58266616,11.803014,0.43275356
VIS_068,top2,2,42.1,22.7,21.598732,0.781217,29.919975,0.88758725,21.8,0.8210863,26.4,0.86083406,18.145636,0.65849733
VIS_069,top2,2,16.8,11.863017,11.956354,0.42253688,10.9,0.3900222,12.04776,0.47915053,11.914866,0.49637797,10.88069,0.39253518
VIS_070,top2,2,13.8,19.47735,15.3,0.5836889,22.7,0.8085765,14.517936,0.5700499,32.517097,0.9115652,14.605523,0.56757087
VIS_071,top2,2,13.9,10.4,10.438374,0.3373306,10.309411,0.32418296,10.6,0.37678266,10.427793,0.36369,9.499175,0.25694418
VIS_072,top2,2,11.9,10.232761,10.305508,0.31307372,9.954849,0.27375257,10.561892,0.36720532,10.3,0.32915333,9.881269,0.27725714
VIS_073,top2,2,11.4,17.1,15.3,0.5762447,21.8,0.78349835,13.460155,0.54138666,16.6,0.6545137,14.8,0.5770244
VIS_074,top2,2,15.2,34.2,23.795631,0.85589194,33.747944,0.92739034,31.259327,0.90214926,48.8,1.0705627,26.491842,0.8438432
VIS_052,top2,3,12.2,13.710966,13.95874,0.5428904,11.9,0.45215622,14.247755,0.4969551,15.3,0.6359325,12.124703,0.46960777
VIS_053,top2,3,10.8,10.3,10.306796,0.30279127,9.31069,0.22848748,9.354337,0.1754337,11.999772,0.49017373,10.341988,0.31687373
VIS_054,top2,3,10.4,13.9150505,14.8,0.5702058,10.8942375,0.3746726,16.355131,0.6018377,12.427725,0.5517377,16.879581,0.66353077
VIS_055,top2,3,17.8,21.861134,21.883553,0.82726836,26.4,0.8297535,31.779387,0.8798126,17.6,0.7269414,23.779396,0.8667279
VIS_056,top2,3,9.1,9.924633,10.019269,0.26108572,8.9,0.15862377,9.423023,0.18046047,10.9,0.4375144,10.0,0.2772286
VIS_057,top2,3,40.0,28.418621,33.75781,0.89966977,30.679457,0.87488884,29.01822,0.8619915,22.985174,0.85993075,48.8,1.0519049
VIS_058,top2,3,10.8,10.077147,10.3,0.29101166,9.202848,0.2110415,9.363242,0.17632425,11.908319,0.4812078,10.3,0.31214154
VIS_059,top2,3,7.6,10.78392,10.5,0.3349912,9.4,0.24727215,10.5,0.28924015,12.1,0.51838523,11.7,0.40279874
VIS_060,top2,3,20.1,19.7,21.243248,0.782151,17.6,0.652785,16.272013,0.58904433,21.965591,0.8316466,21.657581,0.78724796
VIS_061,top2,3,25.9,22.643227,27.3,0.866073,21.69102,0.760343,27.3,0.848739,21.59477,0.8037934,31.8,0.9355776
VIS_062,top2,3,8.4,10.6274395,10.437382,0.3268106,9.396234,0.2382084,10.5,0.28002816,12.1,0.5131847,11.536577,0.39370543
VIS_063,top2,3,12.6,14.976619,15.2630005,0.5924653,13.137137,0.52333015,16.004154,0.573207,16.99128,0.6958647,13.9,0.5501972
VIS_064,top2,3,30.1,21.8,21.97998,0.83229065,22.826124,0.81040126,31.195175,0.8745016,17.1,0.71329427,23.064873,0.86366856
VIS_065,top2,3,25.6,21.960089,27.3,0.8731579,21.935211,0.78579813,19.227705,0.6971284,26.25925,0.8721309,31.8,0.92805743
VIS_066,top2,3,15.0,14.112372,14.858918,0.5759853,12.335375,0.48618844,14.839483,0.5419742,16.350887,0.66832966,13.1,0.5100612
VIS_067,top2,3,9.9,12.83122,13.833584,0.5243317,11.7,0.42626175,13.814116,0.46281183,14.632681,0.60944515,12.08865,0.457151
VIS_068,top2,3,42.1,21.709301,21.8,0.8177387,21.205318,0.7387875,16.00373,0.5722433,27.333603,0.8924103,47.152306,0.99408156
VIS_069,top2,3,16.8,12.0,12.1,0.45012674,10.696554,0.36324474,10.9,0.34361273,13.53892,0.5747748,13.1,0.5003381
VIS_070,top2,3,13.8,16.75325,18.60258,0.7118951,12.847402,0.5065796,19.311165,0.6985194,14.705008,0.61299056,21.214838,0.77121973
VIS_071,top2,3,13.9,10.9,11.405291,0.39199597,10.3,0.32284793,10.300136,0.2500136,12.4,0.5473469,10.9,0.36654633
VIS_072,top2,3,11.9,10.484824,10.5,0.3351051,9.746565,0.26439586,9.9,0.1929589,12.1,0.5193491,10.561507,0.3469535
VIS_073,top2,3,11.4,15.3,15.495911,0.6196852,13.1,0.5223219,14.156173,0.49512345,16.307089,0.6668983,18.776691,0.6971073
VIS_074,top2,3,15.2,22.7,26.66736,0.8572611,22.7,0.7973127,21.2,0.7498568,28.24219,0.89926237,37.9744,0.95196956
VIS_052,top2,4,12.2,13.8,11.7,0.35914716,15.3,0.65505654,12.140887,0.51304704,10.639531,0.4383365,13.8,0.48658633
VIS_053,top2,4,10.8,10.6,10.3,0.24757046,10.509046,0.3892277,9.471073,0.2984371,10.372405,0.38105103,10.3,0.25859502
VIS_054,top2,4,10.4,13.1,13.814783,0.4807066,12.0,0.4999564,11.776495,0.44933143,12.387318,0.5248255,11.982993,0.40425676
VIS_055,top2,4,17.8,24.35172,23.094152,0.8120939,32.43581,0.93566996,33.828056,0.9353332,16.6,0.6694583,22.7,0.82061416
VIS_056,top2,4,9.1,10.489963,10.084799,0.23211107,10.3,0.35900205,10.0,0.3189831,10.3,0.36704627,9.950675,0.20303716
VIS_057,top2,4,40.0,45.0,26.4,0.84310156,48.8,1.0345731,37.515156,0.95353425,25.111233,0.8247645,45.27771,0.95355016
VIS_058,top2,4,10.8,10.6,10.3,0.24630854,10.5,0.38757166,9.409314,0.29721415,10.395699,0.38340393,10.3,0.24497999
VIS_059,top2,4,7.6,11.967809,10.798824,0.3176471,10.9,0.43722185,12.0,0.48234344,10.6,0.43120602,10.9,0.34534818
VIS_060,top2,4,20.1,15.3,15.10293,0.5583944,16.936037,0.7071854,10.5753765,0.3936016,15.3,0.61628383,16.407417,0.6174065
VIS_061,top2,4,25.9,22.947987,21.8,0.76127535,45.11711,0.98184586,26.4,0.88357997,15.051171,0.61113477,34.2,0.90176636
VIS_062,top2,4,8.4,11.9,10.691436,0.3116079,10.9,0.43245873,11.402408,0.44186148,10.6,0.42872012,10.867132,0.33500656
VIS_063,top2,4,12.6,13.9,12.267905,0.44187254,16.6,0.6889315,12.817828,0.54979914,10.9,0.46624383,11.995843,0.405529
VIS_064,top2,4,30.1,25.569437,22.779648,0.79498535,34.155384,0.9508375,35.058563,0.95128214,16.6,0.6569328,23.864365,0.83348507
VIS_065,top2,4,25.6,21.657717,20.491913,0.71055454,23.497265,0.8749552,21.7,0.8312166,17.6,0.6937504,20.954895,0.72997683
VIS_066,top2,4,15.0,15.0,11.9,0.3945243,16.986326,0.708406,17.1,0.6923794,10.9,0.45774928,13.9,0.5057624
VIS_067,top2,4,9.9,13.1,10.9,0.32802922,14.8,0.6372918,10.9,0.43070602,10.58563,0.42279097,14.840798,0.5366732
VIS_068,top2,4,42.1,21.601915,21.69974,0.73955625,22.388754,0.84130263,19.78383,0.7706764,15.14539,0.6130382,27.3,0.8482562
VIS_069,top2,4,16.8,12.180632,11.898591,0.38107365,11.991119,0.49428347,10.4,0.36499998,10.811564,0.450079,12.320906,0.4318673
VIS_070,top2,4,13.8,15.981274,15.23222,0.5610879,16.364197,0.6719805,16.6,0.659084,13.395385,0.5565743,15.0,0.54477775
VIS_071,top2,4,13.9,10.9,10.400248,0.2812758,10.9,0.43992823,9.4,0.292746,10.432859,0.39725855,10.728714,0.32815415
VIS_072,top2,4,11.9,10.745149,10.3,0.27045363,10.9,0.4175118,9.353811,0.28255555,10.435727,0.39754823,10.395371,0.2767695
VIS_073,top2,4,11.4,15.3,13.9,0.49329883,14.643404,0.6234662,18.36168,0.7212506,11.878872,0.4908711,15.589033,0.5913127
VIS_074,top2,4,15.2,22.80034,21.8,0.7679679,27.27872,0.9026831,26.4,0.8886254,17.741064,0.6977613,29.539047,0.8642916
VIS_052,ht_assays,0,12.2,9.9,10.405819,0.29849133,8.9,0.16499406,10.413705,0.3277584,9.019243,0.19796501,9.030312,0.16303705
VIS_053,ht_assays,0,10.8,10.9,11.496549,0.38027325,10.499537,0.30203515,12.091687,0.45175657,10.9,0.43029007,10.6,0.34297273
VIS_054,ht_assays,0,10.4,22.7,28.100334,0.859578,21.8,0.7759554,23.23762,0.85153717,31.960703,0.9127494,21.7,0.8021022
VIS_055,ht_assays,0,17.8,18.867357,15.9713125,0.587003,17.164352,0.6575907,19.095324,0.7121166,21.8,0.8267405,19.797264,0.74971503
VIS_056,ht_assays,0,9.1,9.9,9.9,0.22727759,9.232552,0.18398707,9.527768,0.22553574,9.936764,0.28791797,10.3,0.2724088
VIS_057,ht_assays,0,40.0,25.741762,26.54481,0.8314989,22.7,0.8106637,23.273258,0.8521624,33.920475,0.927947,22.7,0.8392955
VIS_058,ht_assays,0,10.8,10.3,10.100861,0.25889575,9.495713,0.22207339,9.999917,0.26314914,10.4,0.33686852,10.4,0.3023942
VIS_059,ht_assays,0,7.6,10.9,10.873941,0.35013977,10.6,0.32801825,12.1,0.45666382,10.9,0.40852886,10.9,0.39092246
VIS_060,ht_assays,0,20.1,14.6,16.105053,0.5905599,13.1,0.46598306,17.6,0.68389124,15.185604,0.62709814,12.9397955,0.486802
VIS_061,ht_assays,0,25.9,19.62694,16.995874,0.6591356,19.7,0.6919693,18.883652,0.70440274,21.8,0.8327674,19.799498,0.74994767
VIS_062,ht_assays,0,8.4,11.989039,14.593078,0.49975452,10.6,0.32979754,12.617475,0.4967978,12.575115,0.54044306,10.9,0.36708167
VIS_063,ht_assays,0,12.6,10.362936,10.9,0.36712256,10.506052,0.31313044,9.943593,0.25722033,9.942505,0.28848085,10.3,0.26515856
VIS_064,ht_assays,0,30.1,24.776953,31.8,0.8916878,15.692985,0.5978436,33.774025,0.93123716,31.663763,0.9113831,34.008335,0.9158348
VIS_065,ht_assays,0,25.6,20.924673,26.4,0.8220065,19.583502,0.68507296,22.7,0.8346472,21.918127,0.8391239,18.883512,0.7074746
VIS_066,ht_assays,0,15.0,10.342794,10.225937,0.2633311,10.08558,0.24255486,10.3,0.28788447,10.5,0.36193916,10.519158,0.3249123
VIS_067,ht_assays,0,9.9,9.4,9.373092,0.19926511,8.6,0.13744093,9.9,0.24224274,9.4,0.2395021,9.922209,0.24189673
VIS_068,ht_assays,0,42.1,23.989645,25.516855,0.81611824,22.7,0.8108791,22.85484,0.84482175,32.923794,0.9186507,23.65327,0.84643376
VIS_069,ht_assays,0,16.8,15.027263,16.038717,0.58879566,14.363099,0.50219095,19.7,0.731986,15.3,0.64194554,14.6,0.5630147
VIS_070,ht_assays,0,13.8,18.97171,19.740189,0.69120014,16.66696,0.627325,21.439995,0.77347356,21.8,0.8296749,16.0145,0.6324427
VIS_071,ht_assays,0,13.9,13.8,14.623515,0.5225274,12.0,0.41941208,16.3,0.62009066,14.6,0.58605725,11.7,0.41461262
VIS_072,ht_assays,0,11.9,12.043923,12.595486,0.44850153,10.9,0.34513834,14.747374,0.56565124,12.098106,0.49981436,10.9,0.3861969
VIS_073,ht_assays,0,11.4,15.338561,19.955215,0.69699347,13.836577,0.49034536,20.13679,0.753277,16.039625,0.65431005,13.9,0.5320827
VIS_074,ht_assays,0,15.2,22.7,31.58357,0.8808856,21.7,0.7544147,23.864117,0.8545471,28.118332,0.9001489,21.121113,0.78022283
VIS_052,ht_assays,1,12.2,10.373035,10.9,0.41591436,9.503362,0.2443727,10.0,0.20428994,10.6,0.32241586,9.932649,0.2278213
VIS_053,ht_assays,1,10.8,11.9,12.0,0.47413242,11.9,0.44028738,12.0,0.38513285,11.81507,0.37451798,11.941375,0.43279335
VIS_054,ht_assays,1,10.4,31.128218,45.125122,0.96287525,27.071774,0.87867737,43.451077,0.92318904,30.994545,0.8958036,28.811172,0.90013254
VIS_055,ht_assays,1,17.8,19.7,20.567366,0.7712424,20.17182,0.7350435,19.743343,0.6928327,21.7,0.7661124,20.100206,0.7551091
VIS_056,ht_assays,1,9.1,10.3,9.3,0.24874888,9.9,0.28322715,10.5331335,0.27238,9.83091,0.21994705,10.6,0.3304857
VIS_057,ht_assays,1,40.0,32.149975,48.11962,0.9881287,27.058922,0.878536,45.263283,0.9601348,34.2,0.9269327,28.84702,0.90028495
VIS_058,ht_assays,1,10.8,10.5,10.3,0.33852282,10.339498,0.3306433,10.839352,0.2989015,10.238858,0.2504485,10.794694,0.353561
VIS_059,ht_assays,1,7.6,11.7,12.091429,0.48956046,11.9,0.4436407,12.042776,0.39169633,10.6,0.32825932,10.9,0.3747734
VIS_060,ht_assays,1,20.1,15.256395,18.788095,0.7157738,17.34596,0.67897624,14.819611,0.54891425,15.189141,0.58199716,14.6,0.5643362
VIS_061,ht_assays,1,25.9,20.566872,21.7,0.804982,20.278013,0.7385483,20.591646,0.723006,22.344736,0.80199283,20.661674,0.7686438
VIS_062,ht_assays,1,8.4,11.825646,10.9,0.42302427,10.5,0.3507986,12.0,0.3869471,13.8,0.4845041,11.9,0.427595
VIS_063,ht_assays,1,12.6,10.6,10.3,0.36325318,10.3,0.30796927,10.943396,0.3339166,12.349016,0.43209922,10.300119,0.27552235
VIS_064,ht_assays,1,30.1,28.25423,34.151276,0.9224913,34.2,0.93809205,24.774473,0.8223187,29.765533,0.885939,31.584356,0.91636693
VIS_065,ht_assays,1,25.6,22.323692,27.3,0.8656775,26.4,0.870976,23.926321,0.81937677,21.7,0.77266103,26.4,0.86422217
VIS_066,ht_assays,1,15.0,10.6,10.536424,0.39773303,10.512589,0.35768208,10.9,0.31029862,10.110698,0.24630089,10.6,0.34115487
VIS_067,ht_assays,1,9.9,9.9,8.9,0.17966202,9.464648,0.24184492,10.3,0.2260884,9.62721,0.21123655,10.3,0.26297578
VIS_068,ht_assays,1,42.1,31.072407,45.0,0.9504154,26.4,0.87088054,45.0,0.9327714,31.8,0.90405214,28.772831,0.8999695
VIS_069,ht_assays,1,16.8,16.6,20.610308,0.7717585,19.789907,0.72177297,16.6,0.6059097,15.226263,0.58507407,16.338535,0.6543719
VIS_070,ht_assays,1,13.8,21.708681,21.208559,0.78862613,21.2,0.75467074,19.793941,0.6982732,27.606573,0.86043084,27.515057,0.8820203
VIS_071,ht_assays,1,13.9,14.446816,16.077604,0.6388847,15.476892,0.6167804,14.6,0.49647707,14.599959,0.52427053,13.350934,0.50365794
VIS_072,ht_assays,1,11.9,12.67364,14.6,0.5767452,12.4,0.50413,12.404473,0.4198358,12.492104,0.44583532,12.305636,0.46617812
VIS_073,ht_assays,1,11.4,15.292683,14.6,0.5641548,16.311806,0.643954,15.229163,0.56227565,15.974064,0.60848606,19.452415,0.72964114
VIS_074,ht_assays,1,15.2,28.486563,44.186737,0.94158363,27.045635,0.87838984,32.77741,0.8990417,28.22034,0.87226695,29.363283,0.90247995
VIS_052,ht_assays,2,12.2,10.3,9.672365,0.27513912,9.185207,0.22164312,9.621954,0.21163109,10.3,0.28993666,10.0,0.23163699
VIS_053,ht_assays,2,10.8,11.964823,10.6,0.3997553,10.9,0.41442618,12.194033,0.4419739,12.335427,0.47784758,11.095897,0.37494543
VIS_054,ht_assays,2,10.4,27.706347,21.7,0.80732894,31.23905,0.89275557,26.4,0.86294705,31.07536,0.89341235,28.602436,0.873681
VIS_055,ht_assays,2,17.8,19.980986,19.7,0.724636,20.13668,0.7206513,19.274872,0.7056096,21.220255,0.7704051,19.924212,0.7278089
VIS_056,ht_assays,2,9.1,10.4,8.9,0.21918817,9.952293,0.3012544,10.6,0.3174055,10.432211,0.3232211,10.0,0.22671741
VIS_057,ht_assays,2,40.0,29.457262,21.8,0.8209436,31.8,0.90027803,26.4,0.86300564,34.027008,0.9178376,30.93854,0.8852857
VIS_058,ht_assays,2,10.8,10.5,9.624585,0.2692365,10.157137,0.31146723,10.6,0.3356346,10.6,0.36618665,10.3,0.24694535
VIS_059,ht_assays,2,7.6,10.9,10.395645,0.34956455,10.356843,0.342535,10.864462,0.34573,10.9,0.381183,11.011079,0.37381753
VIS_060,ht_assays,2,20.1,15.65569,16.267643,0.6391911,13.724997,0.539723,14.926728,0.56445736,16.6,0.658213,17.182507,0.64488393
VIS_061,ht_assays,2,25.9,21.2,19.781584,0.73815835,21.2,0.7359978,21.438921,0.7701821,22.7,0.8345079,20.637644,0.747841
VIS_062,ht_assays,2,8.4,12.053339,11.7,0.4302326,11.9,0.44486898,10.822087,0.34428868,13.060518,0.49934196,12.1,0.43729925
VIS_063,ht_assays,2,12.6,10.5,9.082777,0.2382777,9.9,0.2875428,10.3,0.28657034,10.4,0.3169619,10.9,0.3642313
VIS_064,ht_assays,2,30.1,30.458647,21.2,0.7769523,26.754625,0.8509595,32.096256,0.92025673,45.337914,0.9675843,31.826223,0.8937914
VIS_065,ht_assays,2,25.6,22.7,21.7,0.7927102,25.375788,0.83336335,21.766645,0.80271894,22.7,0.8376386,21.705511,0.78742945
VIS_066,ht_assays,2,15.0,10.5,9.5744505,0.26717463,9.923792,0.29834607,10.6,0.31737134,10.6,0.3688126,10.230602,0.24221995
VIS_067,ht_assays,2,9.9,10.0,8.25,0.15780972,9.4,0.25604448,10.0,0.2523965,9.9,0.24920787,10.287828,0.24424922
VIS_068,ht_assays,2,42.1,26.953568,21.7,0.80540204,28.574465,0.87871796,23.202652,0.8452832,27.3,0.879864,29.750174,0.8787685
VIS_069,ht_assays,2,16.8,16.986036,19.4898,0.715796,14.6,0.5894199,16.449375,0.62249905,16.807894,0.6669298,15.240522,0.5894173
VIS_070,ht_assays,2,13.8,19.784157,15.217904,0.6017904,21.863886,0.78897375,23.054686,0.84276676,15.0,0.6070607,21.296143,0.76800305
VIS_071,ht_assays,2,13.9,14.600675,12.43826,0.50382596,13.8,0.5439699,14.602201,0.54092866,15.0,0.6073608,14.8,0.5700514
VIS_072,ht_assays,2,11.9,12.430737,12.099513,0.4799513,11.346271,0.42405957,12.523753,0.46098766,13.9,0.52738494,12.4,0.46439123
VIS_073,ht_assays,2,11.4,15.1597805,15.140135,0.59900224,14.6,0.5858908,16.6,0.6336392,13.84523,0.51452297,15.219006,0.5871283
VIS_074,ht_assays,2,15.2,26.96396,21.7,0.80286694,30.23995,0.8857991,26.4,0.8590228,27.3,0.8774268,27.472216,0.8635342
VIS_052,ht_assays,3,12.2,10.0,11.169442,0.38249266,8.9265785,0.17196468,10.3,0.23005068,9.299058,0.26904526,9.971326,0.25742978
VIS_053,ht_assays,3,10.8,11.9,11.910606,0.41164282,10.6,0.3859335,10.9,0.35120696,12.012467,0.49158344,11.7,0.38237882
VIS_054,ht_assays,3,10.4,22.7,33.482162,0.89581794,46.722637,0.9804962,31.301865,0.87421364,26.4,0.8628365,16.6,0.64434946
VIS_055,ht_assays,3,17.8,16.948204,21.725737,0.80270904,19.7,0.70416737,19.7,0.7017382,21.962185,0.81548965,10.3,0.2822526
VIS_056,ht_assays,3,9.1,10.125132,10.067072,0.25498497,9.172424,0.20777996,10.3,0.2287952,10.3,0.34483397,10.77751,0.33949688
VIS_057,ht_assays,3,40.0,22.7,34.02465,0.90295595,30.63663,0.87469995,31.8,0.8809478,28.2406,0.89310867,17.467123,0.67477643
VIS_058,ht_assays,3,10.8,10.463305,10.3,0.27778643,9.716837,0.26232028,10.3,0.25218222,10.6,0.3992614,10.9,0.35183805
VIS_059,ht_assays,3,7.6,11.157555,10.6,0.3502033,9.961827,0.28682324,10.516379,0.2945838,12.433322,0.5320502,11.7,0.3760241
VIS_060,ht_assays,3,20.1,15.3,17.60175,0.6947536,16.6,0.6336779,14.625294,0.536631,16.6,0.6901118,12.262535,0.45356026
VIS_061,ht_assays,3,25.9,18.792303,21.951426,0.8290224,21.264874,0.74011075,19.736952,0.7108032,23.32189,0.84622175,10.658918,0.3353791
VIS_062,ht_assays,3,8.4,11.9,11.773907,0.39336354,14.6,0.5650437,10.498264,0.28265294,11.919825,0.47306004,10.409807,0.3031049
VIS_063,ht_assays,3,12.6,10.0,12.032102,0.43495807,5.5,-0.052675318,10.9,0.33402777,9.843031,0.3049534,10.41798,0.3039563
VIS_064,ht_assays,3,30.1,26.562267,27.743715,0.8783549,45.34451,0.9588953,45.0,0.9397194,45.0,0.9674473,18.787493,0.6920569
VIS_065,ht_assays,3,25.6,20.377834,21.7,0.79289514,21.60144,0.74776,24.5818,0.82331914,21.730719,0.80103064,15.116036,0.5811468
VIS_066,ht_assays,3,15.0,10.5,10.3,0.26329836,10.0,0.29751053,10.3,0.2452845,10.9,0.43799362,10.9,0.3551177
VIS_067,ht_assays,3,9.9,9.9,10.3,0.27315447,9.1,0.19279069,9.461126,0.18305306,9.35301,0.27432787,10.5,0.3170156
VIS_068,ht_assays,3,42.1,21.8,30.535307,0.88882416,21.7,0.7608397,27.551691,0.8510272,29.98785,0.900993,17.926071,0.68017113
VIS_069,ht_assays,3,16.8,15.251267,15.09037,0.5865887,14.433788,0.55052227,16.235752,0.59277487,18.475054,0.7288029,13.1,0.48467994
VIS_070,ht_assays,3,13.8,17.914629,25.567642,0.84980524,16.33463,0.61494803,16.8895,0.6358198,21.690826,0.78828514,13.849863,0.5114555
VIS_071,ht_assays,3,13.9,14.6,16.789448,0.64524376,14.6,0.5655366,14.412352,0.48929414,14.907308,0.6013129,12.0,0.4234077
VIS_072,ht_assays,3,11.9,13.1,14.6439495,0.56020784,12.148483,0.4791092,11.765561,0.38604584,14.367482,0.57372916,11.9,0.4005992
VIS_073,ht_assays,3,11.4,15.017336,16.924355,0.6499773,14.79171,0.57907444,14.579028,0.50031424,17.470741,0.70976293,12.268102,0.45375353
VIS_074,ht_assays,3,15.2,22.7,29.65105,0.8869991,48.8,0.99813175,30.057238,0.86598164,23.687563,0.84735596,16.399458,0.6284534
VIS_052,ht_assays,4,12.2,10.570199,10.9,0.34866017,10.448799,0.32231766,9.4,0.26063663,10.024119,0.29250413,10.3,0.24026889
VIS_053,ht_assays,4,10.8,12.4,12.0,0.40346375,11.924716,0.450908,12.0,0.46060383,11.8478155,0.4426325,11.7,0.36017755
VIS_054,ht_assays,4,10.4,22.7,14.819486,0.55422795,37.445793,0.9560798,30.5885,0.90875965,22.746513,0.81263095,34.2,0.8984364
VIS_055,ht_assays,4,17.8,20.133116,15.0,0.57014227,21.8,0.84306735,21.799608,0.8383443,16.363935,0.626665,20.411074,0.7247778
VIS_056,ht_assays,4,9.1,10.6,11.7,0.37627006,9.91486,0.27241677,9.794779,0.2706016,10.6,0.37733787,10.361842,0.2614125
VIS_057,ht_assays,4,40.0,26.431177,15.0,0.5735682,45.0,0.9757599,31.24969,0.91413856,27.3,0.84604335,40.485638,0.9141021
VIS_058,ht_assays,4,10.8,10.9,11.757214,0.3850076,10.5,0.32754546,10.0,0.29962918,10.706723,0.399539,10.534185,0.28920257
VIS_059,ht_assays,4,7.6,12.244749,12.1,0.41512758,11.7,0.4034168,11.271877,0.41883683,12.1,0.46581826,11.7,0.36223388
VIS_060,ht_assays,4,20.1,15.714758,13.106966,0.45755267,15.2707615,0.65329474,17.6,0.69817317,14.6,0.55146384,14.8,0.5319268
VIS_061,ht_assays,4,25.9,20.25887,14.6,0.53275496,21.8,0.84601295,23.897232,0.8706329,15.666579,0.6079852,21.2,0.7547765
VIS_062,ht_assays,4,8.4,12.4,10.878376,0.3396587,12.121788,0.48070797,14.778171,0.6049581,10.3,0.30235487,11.7,0.36423
VIS_063,ht_assays,4,12.6,10.9,12.0,0.39478394,10.857624,0.36316586,9.912436,0.27544886,10.6,0.39504787,10.6,0.3044439
VIS_064,ht_assays,4,30.1,27.3,16.236204,0.6163426,21.8,0.8465752,48.8,1.0252137,27.3,0.8518115,40.918026,0.9145106
VIS_065,ht_assays,4,25.6,21.662134,14.6,0.52437,25.033298,0.8837302,22.805407,0.8603604,21.2,0.72960436,22.7,0.8246017
VIS_066,ht_assays,4,15.0,11.41648,11.963327,0.39231658,10.6,0.34689194,10.3,0.3137993,10.9,0.41158044,10.6,0.30304438
VIS_067,ht_assays,4,9.9,10.41558,11.188278,0.36553562,8.9,0.1970993,9.329883,0.24544272,10.410793,0.34487432,10.3,0.232548
VIS_068,ht_assays,4,42.1,23.221603,15.0,0.5642735,42.106087,0.9601126,31.59402,0.91730046,26.784748,0.83778644,34.10003,0.89753413
VIS_069,ht_assays,4,16.8,16.3,13.4393015,0.46260336,16.369867,0.6844196,15.23517,0.61971414,15.295664,0.60371494,16.298965,0.59181035
VIS_070,ht_assays,4,13.8,15.981475,14.6,0.53302443,12.0,0.46502584,14.2375,0.56439394,17.185753,0.6490582,19.7,0.7070529
VIS_071,ht_assays,4,13.9,14.8,12.690666,0.43955082,14.6,0.597881,16.912273,0.6780074,12.445321,0.5006744,13.861226,0.4803728
VIS_072,ht_assays,4,11.9,13.8,12.1,0.41808343,12.453875,0.5097079,13.944434,0.5584734,12.119789,0.47287276,12.019169,0.39991516
VIS_073,ht_assays,4,11.4,14.69125,13.1,0.45624208,13.9,0.55261606,12.413226,0.50638646,14.828925,0.5744232,14.8,0.53565097
VIS_074,ht_assays,4,15.2,22.496283,14.637142,0.54452884,32.87186,0.9408403,28.935215,0.90384793,22.070232,0.7927118,31.8,0.8848554
VIS_052,no_kd,0,12.2,10.6,10.775432,0.3622428,10.517053,0.3695333,10.481035,0.3718217,10.409318,0.36933237,11.771802,0.4897208
VIS_053,no_kd,0,10.8,13.8,13.8,0.4998397,13.211697,0.5392412,14.064464,0.54879373,18.971111,0.7049074,14.166769,0.61561704
VIS_054,no_kd,0,10.4,11.395669,13.98333,0.50784045,10.688466,0.3895744,13.557894,0.5291511,11.927902,0.46598777,10.3,0.3366885
VIS_055,no_kd,0,17.8,13.335093,13.50968,0.4842179,13.1,0.5362316,13.321516,0.51400065,16.6,0.6441718,14.6,0.6406452
VIS_056,no_kd,0,9.1,10.3,10.3,0.3109797,10.108732,0.2958721,11.7,0.42648572,9.218021,0.268466,10.9,0.42212662
VIS_057,no_kd,0,40.0,34.2,31.8,0.8894605,29.443996,0.89650047,37.6535,0.95272493,45.0,0.935084,45.0,0.93936145
VIS_058,no_kd,0,10.8,11.643232,10.9,0.37738344,11.67194,0.43131512,11.827413,0.44077843,11.7,0.43412974,13.828126,0.58811945
VIS_059,no_kd,0,7.6,9.3,9.968523,0.26543254,8.9,0.17364232,10.4,0.34417754,8.9,0.20973137,9.271012,0.23829038
VIS_060,no_kd,0,20.1,26.4,26.4,0.8214368,44.553093,0.9423552,25.680202,0.8402965,27.432747,0.8680311,26.66359,0.8765124
VIS_061,no_kd,0,25.9,13.83971,13.8,0.4953587,14.6,0.5771098,13.435515,0.52091014,17.1,0.66840225,16.227806,0.6840343
VIS_062,no_kd,0,8.4,11.875061,13.8,0.4993573,10.6,0.38509852,12.0,0.46665263,16.27639,0.6095487,11.9743595,0.5112035
VIS_063,no_kd,0,12.6,10.6,10.9,0.3740798,10.529356,0.37069395,10.9,0.38793445,10.5,0.3783159,10.9,0.43046257
VIS_064,no_kd,0,30.1,9.9,10.3,0.29760313,9.901973,0.28320497,10.464712,0.37017292,8.946237,0.22788976,9.9,0.29995534
VIS_065,no_kd,0,25.6,27.325138,27.132183,0.8455199,31.8,0.9087562,27.3,0.88314486,31.445913,0.89798814,27.289753,0.8827803
VIS_066,no_kd,0,15.0,13.8,14.8,0.55031174,12.905679,0.5191358,13.007827,0.4930874,14.6,0.571706,21.781235,0.7894198
VIS_067,no_kd,0,9.9,11.824706,13.952008,0.50741947,11.7,0.45017064,11.9,0.45105517,11.951593,0.46894917,13.8,0.5829248
VIS_068,no_kd,0,42.1,17.1,17.907299,0.6703381,16.27605,0.667552,15.405012,0.6196974,21.8,0.78552735,21.039541,0.75579304
VIS_069,no_kd,0,16.8,12.2653265,12.397685,0.44079798,12.0,0.49917683,12.890978,0.49072683,15.67201,0.5890002,14.02774,0.6136901
VIS_070,no_kd,0,13.8,9.4,10.0,0.27749738,8.657728,0.15463743,10.098258,0.30633867,9.389851,0.28623137,9.964268,0.31209618
VIS_071,no_kd,0,13.9,14.748943,15.533367,0.5890096,15.88903,0.6554879,15.0,0.6006071,21.780853,0.77260673,14.6,0.6423046
VIS_072,no_kd,0,11.9,13.1,13.214622,0.4761995,13.017213,0.52439684,13.398704,0.51843125,16.6,0.64619637,13.949614,0.6125429
VIS_073,no_kd,0,11.4,10.509523,10.9,0.3717138,11.652838,0.42951298,10.9,0.38588548,9.9,0.3187249,10.6,0.39034447
VIS_074,no_kd,0,15.2,24.786245,26.328323,0.8152775,30.257019,0.8996614,23.362823,0.804675,27.419323,0.8674718,23.974771,0.839742
VIS_052,no_kd,1,12.2,10.797791,11.047109,0.42915437,11.9,0.49153075,10.816451,0.35376084,10.307668,0.3155248,10.329801,0.33116472
VIS_053,no_kd,1,10.8,15.497051,14.6,0.5758661,13.533983,0.562865,15.085837,0.6181358,14.633825,0.5663808,16.48561,0.63080823
VIS_054,no_kd,1,10.4,11.9,11.7,0.4550866,12.4,0.54058504,11.6155615,0.40534246,13.609208,0.51262987,10.000131,0.30588746
VIS_055,no_kd,1,17.8,15.993431,14.6,0.5786725,13.17196,0.5530832,14.6,0.5534153,13.541193,0.51053065,22.46533,0.7907973
VIS_056,no_kd,1,9.1,9.9,10.3,0.36126482,9.9,0.29789352,10.5,0.3446298,9.1,0.18049942,9.297999,0.211647
VIS_057,no_kd,1,40.0,31.8,42.61984,0.93188316,45.0,0.9675802,31.8,0.9015697,34.2,0.9196098,30.916185,0.9085215
VIS_058,no_kd,1,10.8,11.7,11.7,0.46368766,10.9,0.4127754,12.0,0.44972005,10.9,0.38095942,10.6,0.36762846
VIS_059,no_kd,1,7.6,9.67511,10.3,0.34191567,8.997329,0.2241516,10.3,0.2969244,9.9,0.23424207,8.9,0.17042612
VIS_060,no_kd,1,20.1,26.4,27.275822,0.87692356,27.392729,0.90008503,21.87723,0.76085305,25.49077,0.8214943,26.4,0.8403146
VIS_061,no_kd,1,25.9,16.3,14.709442,0.59950197,14.6,0.5984508,14.642231,0.569338,13.852619,0.53264993,22.494413,0.79193777
VIS_062,no_kd,1,8.4,13.9,11.997543,0.49976826,11.9,0.48077813,12.4,0.46559668,13.1,0.4951989,16.3,0.61313087
VIS_063,no_kd,1,12.6,10.673459,11.272486,0.4353299,11.677061,0.45580012,10.9,0.3636385,10.4,0.3302439,10.149474,0.3117441
VIS_064,no_kd,1,30.1,9.4,10.3,0.35126865,9.275883,0.2540725,10.4,0.3175577,9.9,0.23193985,7.012344,0.07974972
VIS_065,no_kd,1,25.6,28.060848,27.99834,0.8981054,31.8,0.91977966,26.013956,0.81764317,27.3,0.8630652,27.54037,0.86824983
VIS_066,no_kd,1,15.0,15.3,14.8,0.61137176,16.3,0.6718275,13.1,0.49340856,11.943001,0.4576853,17.1,0.6668977
VIS_067,no_kd,1,9.9,14.049241,14.6,0.5719913,14.6,0.60109675,12.005764,0.45206162,11.9,0.45134285,15.3,0.57954746
VIS_068,no_kd,1,42.1,17.63678,17.423763,0.694788,21.3528,0.7534967,15.233227,0.62285984,15.423835,0.6334517,19.7,0.70957226
VIS_069,no_kd,1,16.8,13.9,12.4,0.5243664,11.94456,0.49949157,13.8,0.5365494,12.70915,0.48350278,14.338818,0.5364492
VIS_070,no_kd,1,13.8,10.0,9.9,0.3084426,10.660172,0.40374368,10.3,0.30073765,9.338823,0.20729849,9.972306,0.29085955
VIS_071,no_kd,1,13.9,16.6,14.978014,0.62160444,14.701799,0.6285467,17.1,0.6900344,17.081373,0.675581,15.994444,0.597313
VIS_072,no_kd,1,11.9,14.6,13.046508,0.5461605,12.4,0.53828233,14.732367,0.57367146,13.8,0.5266678,14.546814,0.5402138
VIS_073,no_kd,1,11.4,11.780274,11.7,0.4716462,10.3,0.34446865,11.7,0.41760677,13.0795765,0.49036252,11.7,0.41717315
VIS_074,no_kd,1,15.2,24.738583,26.54546,0.85493064,26.4,0.87919915,21.2,0.739473,22.774895,0.7877305,23.235043,0.80331296
VIS_052,no_kd,2,12.2,10.857458,10.5,0.39755282,10.177125,0.3107654,10.9,0.34001046,12.0034685,0.52735156,12.063035,0.48480994
VIS_053,no_kd,2,10.8,14.788538,13.1,0.5546958,16.571701,0.6511486,15.130796,0.5943599,14.6,0.6234094,13.8,0.55440056
VIS_054,no_kd,2,10.4,11.721557,11.246918,0.4330398,11.609903,0.40325037,11.993461,0.43934608,11.075584,0.4598662,13.118663,0.5292948
VIS_055,no_kd,2,17.8,12.972089,13.518979,0.5720311,13.1,0.49041325,14.804331,0.5802165,12.492816,0.54058254,11.7,0.44868824
VIS_056,no_kd,2,9.1,10.580067,10.708279,0.40495902,9.9,0.27008706,10.3,0.28259808,12.541124,0.5427784,11.891877,0.46114793
VIS_057,no_kd,2,40.0,37.639282,45.0,0.95594555,45.0,0.93011135,31.8,0.91913104,21.8,0.78526133,48.8,0.9921685
VIS_058,no_kd,2,10.8,11.946134,11.7,0.46677902,11.9,0.4443818,11.7,0.41363674,13.651892,0.57733005,11.948539,0.47582108
VIS_059,no_kd,2,7.6,10.4,10.3,0.34842768,9.4,0.23941067,10.6,0.32995778,11.864077,0.50745803,10.5,0.38270247
VIS_060,no_kd,2,20.1,26.249594,27.077839,0.8555153,26.4,0.83192444,21.941599,0.79478806,20.68441,0.7605116,43.650467,0.9218754
VIS_061,no_kd,2,25.9,13.714058,14.6,0.6081027,13.8,0.51440585,15.040188,0.5913396,12.80637,0.55170816,11.889953,0.46105543
VIS_062,no_kd,2,8.4,11.7,10.9,0.41188845,11.899554,0.4347584,12.585097,0.47925487,11.7,0.48369563,10.556594,0.39005715
VIS_063,no_kd,2,12.6,10.6,10.4,0.3809131,10.300791,0.31530333,10.6,0.32101893,11.946417,0.5224015,11.952636,0.47621495
VIS_064,no_kd,2,30.1,10.5,10.667414,0.40398604,9.379292,0.23687947,10.6,0.32111895,12.260927,0.5332029,11.265883,0.42747456
VIS_065,no_kd,2,25.6,28.14909,29.563206,0.88822967,31.8,0.886969,25.090961,0.8435069,21.717632,0.77433026,45.22142,0.94708633
VIS_066,no_kd,2,15.0,14.579917,14.6,0.6036858,12.0,0.4630934,14.6,0.5410882,14.8,0.6367213,14.687454,0.590743
VIS_067,no_kd,2,9.9,13.329381,13.556862,0.5732337,11.9,0.43718955,13.1,0.49585676,14.6,0.61732763,13.8,0.548193
VIS_068,no_kd,2,42.1,17.233109,19.005896,0.71830076,15.727891,0.6215511,16.6,0.65099597,16.6,0.6992008,21.2,0.7362119
VIS_069,no_kd,2,16.8,13.564461,12.019265,0.5147444,14.6,0.5621244,13.345905,0.5061476,14.0658455,0.60215384,12.563331,0.5174678
VIS_070,no_kd,2,13.8,10.3,9.795537,0.29324833,8.652945,0.15409218,10.9,0.3537136,10.851069,0.42578998,10.595076,0.39375722
VIS_071,no_kd,2,13.9,16.16,16.3,0.66793716,21.734898,0.732054,15.3,0.60242987,14.979651,0.65362054,15.3,0.64011246
VIS_072,no_kd,2,11.9,14.6,13.1,0.55672556,15.0,0.601365,13.839524,0.5239524,14.6,0.61657816,13.8,0.5523775
VIS_073,no_kd,2,11.4,11.7,11.084661,0.42490986,11.7,0.419388,11.935898,0.43358976,12.788183,0.55115706,10.96773,0.42389098
VIS_074,no_kd,2,15.2,25.175152,25.438232,0.8422689,25.822235,0.8132852,21.765427,0.7731019,20.504877,0.7594235,34.2,0.9068797
VIS_052,no_kd,3,12.2,11.9,10.4,0.37119693,11.7,0.43843085,10.812221,0.3802015,10.5,0.41291758,12.059322,0.440833
VIS_053,no_kd,3,10.8,15.6,18.902313,0.7159662,14.6,0.5942923,14.6,0.56364,15.546846,0.60797346,14.3985,0.5335137
VIS_054,no_kd,3,10.4,11.970272,10.4,0.37619817,10.631797,0.35283324,10.4,0.3441923,14.181398,0.56958693,12.560624,0.4732088
VIS_055,no_kd,3,17.8,14.321143,12.4,0.5298674,12.245921,0.49429336,14.829816,0.61368936,12.4,0.5249597,13.1,0.49886262
VIS_056,no_kd,3,9.1,10.103944,10.3,0.3397318,10.6,0.3430652,10.4,0.3400953,9.173121,0.2865827,11.9,0.41368726
VIS_057,no_kd,3,40.0,31.8,45.0,0.93757343,34.2,0.92899394,31.62855,0.8913928,34.2,0.92910624,42.57742,0.93678623
VIS_058,no_kd,3,10.8,12.528051,13.1,0.5597846,11.919733,0.47404936,10.9,0.4072322,11.7,0.4653815,12.349028,0.4496655
VIS_059,no_kd,3,7.6,9.830573,8.9,0.19910367,9.9,0.2560362,10.450193,0.3578621,9.113421,0.28333813,10.440583,0.35860768
VIS_060,no_kd,3,20.1,26.4,27.502735,0.88030785,25.81157,0.8479601,22.7,0.7967341,28.99423,0.88580525,27.3,0.889109
VIS_061,no_kd,3,25.9,14.653008,12.442736,0.5369621,13.863188,0.56140625,15.167767,0.63293356,14.666612,0.5905767,13.1,0.49916056
VIS_062,no_kd,3,8.4,12.689627,11.9,0.47943968,10.4,0.32832196,13.286358,0.5143715,15.462469,0.606827,12.4,0.46001866
VIS_063,no_kd,3,12.6,10.608537,10.4,0.3604019,10.9,0.37407112,10.497004,0.36245131,10.061116,0.36091,12.325716,0.44895476
VIS_064,no_kd,3,30.1,10.0,9.1,0.21324003,11.295222,0.39803755,10.4,0.33805367,9.9,0.3264318,10.750159,0.38567558
VIS_065,no_kd,3,25.6,27.3,30.388891,0.89788234,26.880026,0.86604965,25.418009,0.82762754,31.8,0.9099617,29.236963,0.9005141
VIS_066,no_kd,3,15.0,14.8,15.362397,0.6509473,13.8,0.5484334,12.478826,0.49406007,16.3,0.62943745,14.735029,0.5692091
VIS_067,no_kd,3,9.9,14.096476,13.1,0.55431473,13.25063,0.5312646,11.304419,0.4241279,14.789893,0.5972768,14.6,0.5375643
VIS_068,no_kd,3,42.1,19.7,21.781473,0.77030474,16.390648,0.6602052,17.1,0.6861505,21.717855,0.7410713,16.706816,0.6598392
VIS_069,no_kd,3,16.8,14.6,15.658195,0.658624,13.77165,0.5454213,12.46135,0.49320343,13.144557,0.54417014,13.1,0.49164787
VIS_070,no_kd,3,13.8,9.118571,9.9,0.28222975,9.646096,0.24529807,9.777212,0.25249436,7.64704,0.14601956,9.9,0.2991325
VIS_071,no_kd,3,13.9,16.94381,19.5741,0.71877235,16.706987,0.67790717,16.470531,0.66243565,16.713882,0.6546496,15.6,0.59988207
VIS_072,no_kd,3,11.9,14.8,16.656204,0.6764246,14.6,0.58499247,13.915306,0.54675204,14.014303,0.5669923,13.8,0.5182088
VIS_073,no_kd,3,11.4,12.0,10.862016,0.419942,11.918184,0.47390592,10.3,0.31038588,12.217154,0.5167705,12.0,0.4270356
VIS_074,no_kd,3,15.2,26.049042,26.460583,0.85146767,23.356518,0.81784827,22.445473,0.78579974,29.159206,0.8873029,26.881193,0.8723739
VIS_052,no_kd,4,12.2,11.732407,10.365184,0.34651834,11.74199,0.4588038,10.4,0.3491723,11.7,0.4723117,11.638317,0.3712569
VIS_053,no_kd,4,10.8,14.754716,13.943244,0.54179054,14.6,0.6092824,16.64498,0.6373859,12.104744,0.5107954,12.4,0.44429561
VIS_054,no_kd,4,10.4,12.483507,12.914602,0.50629205,10.6,0.39460632,13.021278,0.49821088,11.7,0.4691928,11.7,0.38268223
VIS_055,no_kd,4,17.8,14.472716,12.51283,0.49854717,14.818668,0.62194204,12.4,0.4662418,12.249571,0.51710165,12.4,0.4390703
VIS_056,no_kd,4,9.1,10.976827,10.35581,0.34558105,9.913755,0.3275821,10.0,0.31409848,10.993465,0.4442482,11.082561,0.3598041
VIS_057,no_kd,4,40.0,27.697058,27.035387,0.8542192,45.0,0.9459223,43.096783,0.9411793,17.442818,0.6908616,24.80372,0.8113194
VIS_058,no_kd,4,10.8,12.367623,11.254296,0.4113574,11.941657,0.48278883,11.946276,0.4370768,11.685038,0.46712047,11.7,0.39140448
VIS_059,no_kd,4,7.6,10.4,10.213216,0.30710718,9.3,0.25956675,9.3,0.23960154,10.868593,0.4224803,10.9,0.33949462
VIS_060,no_kd,4,20.1,23.220222,24.74751,0.79368776,28.976217,0.9166051,27.430662,0.87994933,16.3,0.6484358,21.7,0.75488317
VIS_061,no_kd,4,25.9,14.6,12.8647995,0.505296,16.282984,0.65032434,14.4713,0.5436264,12.324769,0.5198115,12.418436,0.44924834
VIS_062,no_kd,4,8.4,13.1,11.7,0.44482258,12.67511,0.53369725,12.315543,0.46350974,12.019228,0.50565934,10.9,0.35514945
VIS_063,no_kd,4,12.6,11.780355,10.421165,0.36211655,11.799494,0.461929,10.397257,0.34059733,11.7,0.47494316,11.632945,0.37070864
VIS_064,no_kd,4,30.1,10.9,10.3,0.3241351,9.3,0.25999734,10.4,0.34996724,10.9,0.44054383,11.029391,0.35902902
VIS_065,no_kd,4,25.6,25.244839,26.018057,0.82045144,29.010027,0.9166926,31.432278,0.9071915,16.740345,0.6691954,22.549442,0.7805933
VIS_066,no_kd,4,15.0,14.730687,13.431873,0.5282968,21.78349,0.759075,12.4,0.47447598,12.054577,0.5077824,13.1,0.46779007
VIS_067,no_kd,4,9.9,14.45537,12.0,0.48110315,16.6,0.6709605,12.0,0.45014322,11.907547,0.49617538,12.4,0.44341412
VIS_068,no_kd,4,42.1,16.3,17.282999,0.67366,21.70487,0.7505294,16.89889,0.6431566,13.193968,0.5529358,14.618907,0.54178095
VIS_069,no_kd,4,16.8,13.8,11.933147,0.47331476,13.86078,0.5718239,14.469777,0.5436048,11.74223,0.48838878,11.9,0.41779205
VIS_070,no_kd,4,13.8,10.3,9.307749,0.25077492,8.9,0.18437201,8.257329,0.15130293,10.541541,0.4001388,10.4,0.30847496
VIS_071,no_kd,4,13.9,15.8340845,16.27323,0.63961756,16.031866,0.63825846,21.7,0.7627038,13.07541,0.5491065,13.764828,0.4885996
VIS_072,no_kd,4,11.9,14.6,13.0365505,0.508731,14.6,0.611174,15.944982,0.6078731,11.978254,0.5025455,12.210751,0.4339477
VIS_073,no_kd,4,11.4,11.9,10.9,0.38730037,10.188348,0.34378073,12.461588,0.48077205,11.648044,0.4637877,11.7,0.3822585
VIS_074,no_kd,4,15.2,22.364346,24.777294,0.79443234,26.4,0.8846397,23.484913,0.8271013,16.3,0.642318,21.2,0.7260277
