mAb_id,split_seed0,Name,DLS Interaction Parameter kD (mL/g),SE-UHPLC Main Peak Plates (EP),Heparin Chromatography Conductivity at Elution Start (mS/cm),Poly-D-Lysine Assay Score,PEG Precipitation Conc50 (%),AC-SINS DiffC (µm²/s),SE-UHPLC Area Main Peak (AU*min),mAb-Pac HIC-20 pH 6 retention time (min),AC-SINS Δλmax,SE-UHPLC Main Peak FWHM (min),Viscosity at measured conc near 150 mg/mL (cP)
VIS_000,train,Ab33,30.91938585,5853,7.3,3.599271403,27,0.82,0.1221,41.681,2,0.086,9.4
VIS_001,train,Ab70,17.05784921,2331,5.676,1.531944444,41,0.95,0.1342,142.524,50,0.152,45
VIS_002,train,Ab39,43.90886439,6209,15.38,5.548961424,45,1.78,0.1133,38.152,36,0.082,10.9
VIS_003,train,Ab56,31.79865021,4106,7.823,2.033025099,31,0.33,0.1495,41.644,40,0.104,26.4
VIS_004,train,Ab78,25.23252093,5137,8.421,2.188059701,45,2.47,0.1356,57.884,44,0.095,13.9
VIS_005,train,Ab50,35.15293123,6239,13.353,1.940711462,33,1.01,0.1195,35.931,20,0.081,8.6
VIS_006,train,Ab66,38.11585447,5710,9.036,3.085611511,43,1.59,0.1297,42.67,0,0.087,8.1
VIS_007,train,Ab44,-9.381179345,5164,3.97,1.977695167,15,3.54,0.1331,38.899,-2,0.087,19.7
VIS_008,train,Ab18,23.88153183,4625,3.937,1.75242047,45,1.61,0.1325,54.091,-2,0.103,14.6
VIS_009,train,Ab7,22.13486552,5549,4.124,2.446178687,27,2.23,0.1256,39.875,0,0.086,7.3
VIS_010,train,Ab83,1.699033624,5330,3.961,2.224202627,19,4.69,0.129,44.625,58,0.089,45.9
VIS_011,train,Ab77,-1.271482613,3024,3.26,1.398508699,39,1.13,0.1398,59.22,36,0.132,45
VIS_012,train,Ab69,35.83177546,4409,10.51,4.812234043,39,1.01,0.1343,51.66,36,0.101,14.8
VIS_013,train,Ab74,34.21947166,5895,13.353,3.340523883,45,0.46,0.1425,34.188,26,0.084,10
VIS_014,train,Ab49,-0.698763767,6090,3.96,1.483273596,27,0.39,0.1401,42.484,2,0.081,34.2
VIS_015,train,Ab16,22.46909434,6008,7.625,2.546649146,25,0.71,0.1172,34.645,-2,0.082,16.3
VIS_016,train,Ab73,25.06819887,5246,11.169,3.107650273,45,0.45,0.118,38.888,36,0.093,12.4
VIS_017,train,Ab14,49.13422809,6126,17.095,3.586750789,45,0.77,0.1319,36.393,24,0.082,13.8
VIS_018,train,Ab75,27.34316674,4797,13.299,4.922979798,35,0.42,0.1302,40.974,44,0.094,21.2
VIS_019,train,Ab23,22.47012914,6703,6.978,2.233333333,26,1.49,0.1305,34.927,2,0.078,17.6
VIS_020,train,Ab15,29.99670572,5818,13.7,2.541825095,43,0.9,0.1379,35.397,2,0.084,6.1
VIS_021,train,Ab29,39.12598464,5246,6.11,1.880230126,43,1.72,0.1551,52.069,0,0.095,8.9
VIS_022,train,Ab28,42.91058531,5543,12.484,2.862847222,45,1.94,0.1264,49.095,0,0.089,10.3
VIS_023,train,Ab58,38.433618,6376,11.566,4.324399261,45,0.69,0.1251,42.335,14,0.082,6
VIS_024,train,Ab72,33.76620215,5024,7.522,4.324577861,39,1.85,0.1282,45.895,2,0.09,9.1
VIS_025,train,Ab54,17.82752975,5497,3.949,1.526390198,24,0.5,0.138,49.403,18,0.088,22.7
VIS_026,train,Ab48,26.22706981,5824,4.17,1.532012195,41,3.6,0.1248,35.896,-2,0.084,10.4
VIS_027,train,Ab64,6.974018353,5504,6.07,1.399250234,25,0.45,0.1322,58.248,22,0.087,21.7
VIS_028,train,Ab52,31.56234501,5634,10.491,3.162790698,33,1.27,0.1324,39.739,10,0.085,10.3
VIS_029,train,Ab40,15.91056147,907,4.18,1.477835052,39,0.84,0.1257,47.859,30,0.212,48.8
VIS_030,train,Ab59,38.4266892,6289,9.311,2.030750308,45,1.81,0.1313,40.324,0,0.082,8.1
VIS_031,train,Ab65,6.052595131,5514,3.93,2.021043771,25,5.05,0.1309,56.391,2,0.087,31.8
VIS_032,train,Ab42,27.95191599,3386,9.224,1.875211506,23,0.47,0.1209,57.513,50,0.136,15
VIS_033,train,Ab47,36.38462805,6041,11.543,4.179783951,33,2.3,0.1314,41.129,4,0.085,13.1
VIS_034,train,Ab67,21.66480752,4561,4.612,1.498152709,37,2.93,0.1332,55.9,36,0.099,16.6
VIS_035,train,Ab80,37.82230273,6041,12.953,3.302083333,27,0.8,0.1315,36.376,22,0.082,10.5
VIS_036,train,Ab17,27.72608335,5349,7.848,2.804788214,39,0.48,0.1393,37.677,8,0.093,12.1
VIS_037,train,Ab6,17.65658093,1135,7.952,2.7973462,45,0.37,0.1264,83.227,40,0.185,27.3
VIS_038,train,Ab38,-3.764334794,5669,3.47,1.565656566,16,0.83,0.1169,40.862,0,0.085,11.7
VIS_039,train,Ab53,34.23423188,5725,10.411,4.367694805,43,1.68,0.1253,43.234,6,0.086,5.5
VIS_040,train,Ab37,21.51677942,5851,17.666,5.311084142,45,0.28,0.1262,35.444,30,0.085,11.9
VIS_041,train,Ab62,39.5490345,5615,8.55,5.048903879,45,0.28,0.1358,45.912,38,0.087,10.6
VIS_042,train,Ab35,32.70658699,6332,6.004,2.496744792,45,2.55,0.1332,37.318,4,0.082,10.9
VIS_043,train,Ab22,21.06365829,4507,3.942,2.085889571,25,1.81,0.1229,55.476,0,0.106,9.9
VIS_044,train,Ab1,33.15951616,3137,9.018,1.919642857,27,0.49,0.135,49.015,54,0.119,17.1
VIS_045,train,Ab26,23.51061753,6378,3.933,1.299494949,21,2.87,0.1173,37.497,0,0.08,11.7
VIS_046,train,Ab61,20.23601383,5613,5.25,1.992088608,45,1.11,0.1146,47.709,0,0.086,15.3
VIS_047,train,Ab5,12.09586296,7754,5.243,2.47029703,27,2.59,0.0864,34.155,2,0.072,8.9
VIS_048,train,Ab20,23.18706601,3870,3.801,2.241192412,41,1.83,0.1309,99.132,2,0.118,9.3
VIS_049,train,Ab25,30.47182235,4954,7.932,2.537394451,45,2.15,0.1348,42.128,0,0.09,14.6
VIS_050,train,Ab41,43.97650114,5242,8.413,3.732929515,41,2.21,0.1244,45.924,0,0.09,12
VIS_051,train,Ab34,5.841119405,5727,2.886,1.606657609,19,0.41,0.1309,53.816,24,0.088,21.8
